Product Id,Product Handle,Product Title,Product Status,Product Sales Channel 1,Variant Id
prod_01JRPWHY1BE0FCRK0KKGMVCE8X,monsuta-bead,Monsuta Bead,published,sc_01JRGC53MQWCH28VMCFXJ7KRHP,variant_01JRPWHY33TKKGGMS0WD9MCSS2
prod_01JRPWHY1BE0FCRK0KKGMVCE8X,monsuta-bead,Monsuta Bead,published,sc_01JRGC53MQWCH28VMCFXJ7KRHP,variant_01JRPWHY34N2SMT8HHVFADANGF
prod_01JRPWHY1BE0FCRK0KKGMVCE8X,monsuta-bead,Monsuta Bead,published,sc_01JRGC53MQWCH28VMCFXJ7KRHP,variant_01JRPX3HAGQ03ZQ75RPX2951DQ
prod_01JRPWHY1BE0FCRK0KKGMVCE8X,monsuta-bead,Monsuta Bead,published,sc_01JRGC53MQWCH28VMCFXJ7KRHP,variant_01JRPX49JA30F6AGBNF816EA13
prod_01JRPWHY1BE0FCRK0KKGMVCE8X,monsuta-bead,Monsuta Bead,published,sc_01JRGC53MQWCH28VMCFXJ7KRHP,variant_01JRPX537BF0VCTKC37EAH9SQ3
prod_01JRPWHY1BE0FCRK0KKGMVCE8X,monsuta-bead,Monsuta Bead,published,sc_01JRGC53MQWCH28VMCFXJ7KRHP,variant_01JRPX5RGM551WFWAECKH605HK
prod_01JRPWR5BWNX20WJ3ZJQTMQNEK,djinn,Djinn,published,sc_01JRGC53MQWCH28VMCFXJ7KRHP,variant_01JRPWR5D63FRZYQJ4YPZGBJRC
prod_01JRPWR5BWNX20WJ3ZJQTMQNEK,djinn,Djinn,published,sc_01JRGC53MQWCH28VMCFXJ7KRHP,variant_01JRPWR5D7ZB36PGDVMWKSS3EQ
prod_01JRPXAH2KJXPK30S2TERNT0ZX,anzu,Anzu,published,sc_01JRGC53MQWCH28VMCFXJ7KRHP,variant_01JRPXAH40M9HBC1Z0N8CQF7BN
prod_01JRPXAH2KJXPK30S2TERNT0ZX,anzu,Anzu,published,sc_01JRGC53MQWCH28VMCFXJ7KRHP,variant_01JRPXAH417H43XXDAY637QXMC
prod_01JRPXCQ1GJECMCA6QQ7W3ACSD,anzuxl,Anzu XL,published,sc_01JRGC53MQWCH28VMCFXJ7KRHP,variant_01JRPXEE59QTA4HBT1TRK53MR4
prod_01JRPXCQ1GJECMCA6QQ7W3ACSD,anzuxl,Anzu XL,published,sc_01JRGC53MQWCH28VMCFXJ7KRHP,variant_01JRPXF48BF741757HCWJG01AX
prod_01JRPXCQ1GJECMCA6QQ7W3ACSD,anzuxl,Anzu XL,published,sc_01JRGC53MQWCH28VMCFXJ7KRHP,variant_01JRPXCQ2EYMGJF4GDR9WPFY93
prod_01JRPXCQ1GJECMCA6QQ7W3ACSD,anzuxl,Anzu XL,published,sc_01JRGC53MQWCH28VMCFXJ7KRHP,variant_01JRPXCQ2ER59PJSBVV1PB5TGE
prod_01JRPXXN0NS2FS898PK2HP5PKN,babushkabead,Babushka bead,published,sc_01JRGC53MQWCH28VMCFXJ7KRHP,variant_01JRPXXN1YYERHXZ8VX1QEECRD
prod_01JRPXXN0NS2FS898PK2HP5PKN,babushkabead,Babushka bead,published,sc_01JRGC53MQWCH28VMCFXJ7KRHP,variant_01JRPXXN1YHWTX911JK8QKRZ7T
prod_01JRPXXN0NS2FS898PK2HP5PKN,babushkabead,Babushka bead,published,sc_01JRGC53MQWCH28VMCFXJ7KRHP,variant_01JRPXXN1ZZR049HGQ521HVVVE
prod_01JRPXXN0NS2FS898PK2HP5PKN,babushkabead,Babushka bead,published,sc_01JRGC53MQWCH28VMCFXJ7KRHP,variant_01JRPXXN1Z4P0TTTW389CHTVDH
prod_01JRPY08MZKM5VEFMRW064ZJZ7,basiliskfixed,Basilisk Fixed,published,sc_01JRGC53MQWCH28VMCFXJ7KRHP,variant_01JRPY3E6V7NXF27T879VD03RX
prod_01JRPYAC8D7V564RZF66JX7904,cerberusfixed,Cerberus Fixed,published,sc_01JRGC53MQWCH28VMCFXJ7KRHP,variant_01JRPYAC9DCPQ4EYNVYJ2HQVNX
prod_01JRPYCJZ5FPXDSBMVK36SS0NX,djinnxl,Djinn XL,published,sc_01JRGC53MQWCH28VMCFXJ7KRHP,variant_01JRPYCK0JK8A2Z2AS4Z9SYJ7P
prod_01JRPYCJZ5FPXDSBMVK36SS0NX,djinnxl,Djinn XL,published,sc_01JRGC53MQWCH28VMCFXJ7KRHP,variant_01JRPYCK0K8GSDPGFRJVMDCA4A
prod_01JRPYCJZ5FPXDSBMVK36SS0NX,djinnxl,Djinn XL,published,sc_01JRGC53MQWCH28VMCFXJ7KRHP,variant_01JRPYCK0KZGHR66RCE2FASBWD
prod_01JRPYCJZ5FPXDSBMVK36SS0NX,djinnxl,Djinn XL,published,sc_01JRGC53MQWCH28VMCFXJ7KRHP,variant_01JRPYCK0K6E8J1HT97KWPZAMB
prod_01JRPYH6R5ZB3YJ0GY823ZXVDT,fenrirfixed,Fenrir Fixed,published,sc_01JRGC53MQWCH28VMCFXJ7KRHP,variant_01JRPYH6SFE6PVB90VTW4J4NS5
prod_01JRPYK1R53HBDNN6RPCZDKQKB,ghoul,Ghoul,published,sc_01JRGC53MQWCH28VMCFXJ7KRHP,variant_01JRPYK1RYWJFPF005FBZMXR4E
prod_01JRPYK1R53HBDNN6RPCZDKQKB,ghoul,Ghoul,published,sc_01JRGC53MQWCH28VMCFXJ7KRHP,variant_01JRPYK1RYSYGQE2ZZCKGSGZTP
prod_01JRPYPM8TVJ91ZH4W71XEQVDX,milkbead,Milk bead,published,sc_01JRGC53MQWCH28VMCFXJ7KRHP,variant_01JRPYPM9QCBKZ7RH5ZP5BDHWH
prod_01JRPYRNVVH9EKRV8TMK2VG27V,necrobead,Necro bead,published,sc_01JRGC53MQWCH28VMCFXJ7KRHP,variant_01JRPYRNWRNTJ82904B763B4VR
prod_01JRPYRNVVH9EKRV8TMK2VG27V,necrobead,Necro bead,published,sc_01JRGC53MQWCH28VMCFXJ7KRHP,variant_01JRPYRNWRRSXYQ2PC7KJVPDHK
prod_01JRPYRNVVH9EKRV8TMK2VG27V,necrobead,Necro bead,published,sc_01JRGC53MQWCH28VMCFXJ7KRHP,variant_01JRPYRNWRQ1QMAKYFQDBH9D4H
prod_01JRPYRNVVH9EKRV8TMK2VG27V,necrobead,Necro bead,published,sc_01JRGC53MQWCH28VMCFXJ7KRHP,variant_01JRPYRNWRW4ERZAHXXHK022T5
prod_01JRPYV4F0GQ1HNPCMYAQYC4MZ,oni,Oni,published,sc_01JRGC53MQWCH28VMCFXJ7KRHP,variant_01JRPYV4G488BXFAAW2NSVWEW1
prod_01JRPYV4F0GQ1HNPCMYAQYC4MZ,oni,Oni,published,sc_01JRGC53MQWCH28VMCFXJ7KRHP,variant_01JRPYV4G4JN980CCN5N56YM9W
prod_01JRPYXQMNGSR03NZBNX2J4DZ6,onixl,Oni XL,published,sc_01JRGC53MQWCH28VMCFXJ7KRHP,variant_01JRPYXQNSBW9HDN147YG72EZ9
prod_01JRPYXQMNGSR03NZBNX2J4DZ6,onixl,Oni XL,published,sc_01JRGC53MQWCH28VMCFXJ7KRHP,variant_01JRPYXQNSA7S51YZ9S0Z1F0SB
prod_01JRPYXQMNGSR03NZBNX2J4DZ6,onixl,Oni XL,published,sc_01JRGC53MQWCH28VMCFXJ7KRHP,variant_01JRPYXQNS34W3C04WV536B48H
prod_01JRPYXQMNGSR03NZBNX2J4DZ6,onixl,Oni XL,published,sc_01JRGC53MQWCH28VMCFXJ7KRHP,variant_01JRPYXQNSE5H0NGM8Z4X7H1HF
prod_01JRPYZW2J6BNDX1XF9XSF443A,osiris8inchchef,Osiris 8 inch chef knife,published,sc_01JRGC53MQWCH28VMCFXJ7KRHP,variant_01JRPYZW3JWEZ9QVHE2M29V6NC
prod_01JRPZ121RHPAS077GG1K8R5P7,osiriscleaver,Osiris cleaver,published,sc_01JRGC53MQWCH28VMCFXJ7KRHP,variant_01JRPZ122S62K4Y925C9Z4R49A
prod_01JRPZ218SBKAV384JR0EEX268,osirisparing,Osiris paring knife,published,sc_01JRGC53MQWCH28VMCFXJ7KRHP,variant_01JRPZ219XR28YRK475GNJTEG9
prod_01JRPZ46KP9TEVZ2KZ4BTZWXBY,poisonbead,Poison bead,published,sc_01JRGC53MQWCH28VMCFXJ7KRHP,variant_01JRPZ46MRABNTP8BSHQV9H05E
prod_01JRPZ46KP9TEVZ2KZ4BTZWXBY,poisonbead,Poison bead,published,sc_01JRGC53MQWCH28VMCFXJ7KRHP,variant_01JRPZ46MRPPY2SQV6HM8YCG1B
prod_01JRPZ46KP9TEVZ2KZ4BTZWXBY,poisonbead,Poison bead,published,sc_01JRGC53MQWCH28VMCFXJ7KRHP,variant_01JRPZ46MRFE3273N3EHNDXJVD
prod_01JRPZG7JR586YQB6VWY1A2W0R,ronin,Ronin,published,sc_01JRGC53MQWCH28VMCFXJ7KRHP,variant_01JRPZG7KZ2EAJ4Z3M004F6XXQ
prod_01JRPZG7JR586YQB6VWY1A2W0R,ronin,Ronin,published,sc_01JRGC53MQWCH28VMCFXJ7KRHP,variant_01JRPZG7KZW8BPKPRJ37C8JZV4
prod_01JRPZG7JR586YQB6VWY1A2W0R,ronin,Ronin,published,sc_01JRGC53MQWCH28VMCFXJ7KRHP,variant_01JRPZG7KZ1QSQY9A66DQPKS00
prod_01JRPZG7JR586YQB6VWY1A2W0R,ronin,Ronin,published,sc_01JRGC53MQWCH28VMCFXJ7KRHP,variant_01JRPZG7KZWCN9YB4AQZK192H5
prod_01JRPZG7JR586YQB6VWY1A2W0R,ronin,Ronin,published,sc_01JRGC53MQWCH28VMCFXJ7KRHP,variant_01JRPZG7KZEZ3BYFCPA3C86TWA
prod_01JRPZG7JR586YQB6VWY1A2W0R,ronin,Ronin,published,sc_01JRGC53MQWCH28VMCFXJ7KRHP,variant_01JRPZG7KZ9BD3CHYGZJQR0DBE
prod_01JRPZG7JR586YQB6VWY1A2W0R,ronin,Ronin,published,sc_01JRGC53MQWCH28VMCFXJ7KRHP,variant_01JRPZG7KZHT36M2FV00HRZ09Y
prod_01JRPZG7JR586YQB6VWY1A2W0R,ronin,Ronin,published,sc_01JRGC53MQWCH28VMCFXJ7KRHP,variant_01JRPZG7KZC6SH69XBPMX0PKQ1
prod_01JRPZJMPWWQHJQFKPA231W3V6,ryu,Ryu,published,sc_01JRGC53MQWCH28VMCFXJ7KRHP,variant_01JRPZJMR1B5G56CTARN4H2XYM
prod_01JRPZJMPWWQHJQFKPA231W3V6,ryu,Ryu,published,sc_01JRGC53MQWCH28VMCFXJ7KRHP,variant_01JRPZJMR1N39JCSVJ7BBJ1N6Q
prod_01JRPZNCF9XPD2DN6W4736FVTT,spares,Spares,published,sc_01JRGC53MQWCH28VMCFXJ7KRHP,variant_01JRPZNCGA2TQBXGEB4EKP3XDG
prod_01JRPZNCF9XPD2DN6W4736FVTT,spares,Spares,published,sc_01JRGC53MQWCH28VMCFXJ7KRHP,variant_01JRPZNCGB4KGW0V5WCK0S2EJZ
prod_01JRPZNCF9XPD2DN6W4736FVTT,spares,Spares,published,sc_01JRGC53MQWCH28VMCFXJ7KRHP,variant_01JRPZNCGBJ95WNZ7VX0VEBMPM
prod_01JRPZNCF9XPD2DN6W4736FVTT,spares,Spares,published,sc_01JRGC53MQWCH28VMCFXJ7KRHP,variant_01JRPZNCGBG0SC29H9633Q6Q3Z
prod_01JRPZNCF9XPD2DN6W4736FVTT,spares,Spares,published,sc_01JRGC53MQWCH28VMCFXJ7KRHP,variant_01JRPZNCGBGWSB8JKDFFNTHPRD
prod_01JRPZRRDSRDPNPB5SB5C0J8AA,tombstonebead,Tombstone bead,published,sc_01JRGC53MQWCH28VMCFXJ7KRHP,variant_01JRPZRREWKMRVY1AFWK5VPH52
prod_01JRPZRRDSRDPNPB5SB5C0J8AA,tombstonebead,Tombstone bead,published,sc_01JRGC53MQWCH28VMCFXJ7KRHP,variant_01JRPZRREWW5SZ88X0GBPPQ0DN
prod_01JRPZRRDSRDPNPB5SB5C0J8AA,tombstonebead,Tombstone bead,published,sc_01JRGC53MQWCH28VMCFXJ7KRHP,variant_01JRPZRREWFR809VJ226SVD3Q1
prod_01JRQ02MZD9VNKQ5YXJQ9V02RV,mascottee,T-shirt- Mascot,published,sc_01JRGC53MQWCH28VMCFXJ7KRHP,variant_01JRQ02N0JEP6B574P5G77JAF2
prod_01JRQ02MZD9VNKQ5YXJQ9V02RV,mascottee,T-shirt- Mascot,published,sc_01JRGC53MQWCH28VMCFXJ7KRHP,variant_01JRQ02N0JR2SW325V8C2S2R5C
prod_01JRQ02MZD9VNKQ5YXJQ9V02RV,mascottee,T-shirt- Mascot,published,sc_01JRGC53MQWCH28VMCFXJ7KRHP,variant_01JRQ02N0J1GVMAFNR7E34R87S
prod_01JRQ03Y2GB36PD2CGPVJRPQ26,yokaifixed,Yokai Fixed,published,sc_01JRGC53MQWCH28VMCFXJ7KRHP,variant_01JRQ03Y3H1YDPD655FEYHTSAE
prod_01JRTRRXEGW6M4GVJ1QE8WJ65W,history1,Pocket Rhino - Green G10,published,sc_01JRGC53MQWCH28VMCFXJ7KRHP,variant_01JRTRRXFRT1VX73N3TKTV3V4C
prod_01JRTRRXXAAAB2XBJ946SWWAS5,history2,Pocket Rhino - Orange G10,published,sc_01JRGC53MQWCH28VMCFXJ7KRHP,variant_01JRTRRXY4RPBQRB22T6J775KX
prod_01JRTRRYF73D5CJRR0C68WN2CH,history3,Pocket Rhino - Black G10,published,sc_01JRGC53MQWCH28VMCFXJ7KRHP,variant_01JRTRRYG3H6R4R8BTW6P9WX9X
prod_01JRTRRYXEG2K0MX1BV98KEXG0,history4,Pocket Rhino - Gray Titanium,published,sc_01JRGC53MQWCH28VMCFXJ7KRHP,variant_01JRTRRYYB98W6CBJ2DF0YP0HX
prod_01JRTRRZ9X2BSZ8CCGCA0JX1R8,history5,Chemical Flask bead - Aluminium- Blue,published,sc_01JRGC53MQWCH28VMCFXJ7KRHP,variant_01JRTRRZAVDY3P978NCC5K53RK
prod_01JRTRRZVP9X93PEJJ5XZSPDAQ,history6,Milk bottle bead - Aluminium- Yellow/ Gold,published,sc_01JRGC53MQWCH28VMCFXJ7KRHP,variant_01JRTRRZWGVQGCGP75V8XFS5SY
prod_01JRTRS163P7TTCS1089RFEXZD,history7,Poison bottle bead - Aluminium- Red,published,sc_01JRGC53MQWCH28VMCFXJ7KRHP,variant_01JRTRS16V8KXN6T4JMJ6QH2J7
prod_01JRTRS1HZEZFRSV5WX56CQGPT,history8,Pocket Rhino - Gold Titanium,published,sc_01JRGC53MQWCH28VMCFXJ7KRHP,variant_01JRTRS1JQ8B784MRWPZPTE2SX
prod_01JRTRS1YF1BD7KBJPD1NEG23E,history9,Gram - Bronze,published,sc_01JRGC53MQWCH28VMCFXJ7KRHP,variant_01JRTRS1ZE1XQKN88M6QRF5MFD
prod_01JRTRS339Y17ZJDD7K2HWJ3MV,history10,Milk bottle bead - Aluminium- Black,published,sc_01JRGC53MQWCH28VMCFXJ7KRHP,variant_01JRTRS33Z0HGVD3JG2F2Y8F7V
prod_01JRTRS3FJJXFCHF9N2T4MVYRK,history11,Poison bottle bead - Aluminium- Blue,published,sc_01JRGC53MQWCH28VMCFXJ7KRHP,variant_01JRTRS3GAS7NXEKCAXZZ54DSA
prod_01JRTRS3XWFA3CGAAQFWER04XN,history12,Buttons (New) - Mokume,published,sc_01JRGC53MQWCH28VMCFXJ7KRHP,variant_01JRTRS3YHPFZX7XTHQFFYN46T
prod_01JRTRS4BEGFHWVHHE28YCZA51,history13,Gram - Titanium,published,sc_01JRGC53MQWCH28VMCFXJ7KRHP,variant_01JRTRS4C6Y4D610K78610ZQNF
prod_01JRTRS4PX0R62B17D7DXGGFR6,history14,Pound - Titanium,published,sc_01JRGC53MQWCH28VMCFXJ7KRHP,variant_01JRTRS4QQ23Q9GWRZ665HR94N
prod_01JRTRS5313Z6SCVM2S3QVVKRC,history15,Buttons (New) - Titanium,published,sc_01JRGC53MQWCH28VMCFXJ7KRHP,variant_01JRTRS53ZTW5EEZWN13F7FZM2
prod_01JRTRS5FC87VZXY8K6JYZF02M,history16,Tombstone - Titanium,published,sc_01JRGC53MQWCH28VMCFXJ7KRHP,variant_01JRTRS5G8A71EBZ0DTA0F49KZ
prod_01JRTRS5WCDEPEEHNTMPGWDCB6,history17,Pound - Bronze,published,sc_01JRGC53MQWCH28VMCFXJ7KRHP,variant_01JRTRS5X2EC0G1AMTYYTMYFGX
prod_01JRTRS68JG202TCRS5EXNRMXB,history18,Pound - Stainless Steel,published,sc_01JRGC53MQWCH28VMCFXJ7KRHP,variant_01JRTRS699RC14TJVS3WCDJ7VE
prod_01JRTRS6KVQ975CZ9ACZXXN1P3,history19,Tag - Bronze,published,sc_01JRGC53MQWCH28VMCFXJ7KRHP,variant_01JRTRS6MM2AMJFNS9WQ4TJMWF
prod_01JRTRS7065XCY1CJHNCKD8G20,history20,Hellraiser - Titanium,published,sc_01JRGC53MQWCH28VMCFXJ7KRHP,variant_01JRTRS70W8KS44Q8340G7EDVR
prod_01JRTRS7DESDKFJ3MR2SDB5R0J,history21,Poison bottle bead - Aluminium- Black,published,sc_01JRGC53MQWCH28VMCFXJ7KRHP,variant_01JRTRS7EAC2RWZD111FXPTFZ6
prod_01JRTRS7S0RN4FCYT4XS4EBGB8,history22,Wraith - Liner Lock- Red Marbled CF,published,sc_01JRGC53MQWCH28VMCFXJ7KRHP,variant_01JRTRS7SV110D9FEFT63R5XSP
prod_01JRTRS8B5CTY7N6SGQQMFK25H,history23,"Basilisk - Black PVD handles, Red Marbled CF",published,sc_01JRGC53MQWCH28VMCFXJ7KRHP,variant_01JRTRS8C1DD9FJ6TXPBPSVBGZ
prod_01JRTRS8PYH9H0GG1Y0JAY49A4,history24,Poison bottle bead - Aluminium- Purple,published,sc_01JRGC53MQWCH28VMCFXJ7KRHP,variant_01JRTRS8QM8X16NNTTK7S25KZ4
prod_01JRTRS92B6Q6FDJYBXBDWVTQQ,history25,Chemical Flask bead - Aluminium- Red,published,sc_01JRGC53MQWCH28VMCFXJ7KRHP,variant_01JRTRS9332GX6NZ6EYVZ42KMS
prod_01JRTRS9E1ZERSZGCW8912W1BH,history26,Wraith - Liner Lock- Black CF/ Black blade,published,sc_01JRGC53MQWCH28VMCFXJ7KRHP,variant_01JRTRS9EVDGBZJFKD7MT9KKJR
prod_01JRTRS9SM408JEFMXF4KRK94N,history27,"Oni - Black G10, D2",published,sc_01JRGC53MQWCH28VMCFXJ7KRHP,variant_01JRTRS9TB08QM97BZ6WX08Z9C
prod_01JRTRSA548D8X7VDAPYF52W8Y,history28,"Oni - Orange G10, D2",published,sc_01JRGC53MQWCH28VMCFXJ7KRHP,variant_01JRTRSA5W6K6084SVT1CDK65T
prod_01JRTRSAH7R6P89KDDFWDA70HV,history29,"Oni - Green Ti, S35VN",published,sc_01JRGC53MQWCH28VMCFXJ7KRHP,variant_01JRTRSAJ4BEN2C7FMMY7XY5QS
prod_01JRTRSAYKH79STH68VRHRGXTT,history30,"Oni - Stonewash Ti, S35VN",published,sc_01JRGC53MQWCH28VMCFXJ7KRHP,variant_01JRTRSAZC207Z3T8TRF1AEN1X
prod_01JRTRSBA1Y6XKTFACG404T1T1,history31,"Oni - Blue Ti, S35VN",published,sc_01JRGC53MQWCH28VMCFXJ7KRHP,variant_01JRTRSBAWBW0BK3GBJCK3P9K0
prod_01JRTRSBT1R1XPNGHZ4GJ0T4TE,history32,Void - Stainless Steel,published,sc_01JRGC53MQWCH28VMCFXJ7KRHP,variant_01JRTRSBTRDDHDSJ7XVR755H7S
prod_01JRTRSC5BGAY0MEMNRQXASV3G,history33,Psionic Lite - Stainless Steel,published,sc_01JRGC53MQWCH28VMCFXJ7KRHP,variant_01JRTRSC64QAG75ENKBN86Y86B
prod_01JRTRSCH3MB07Z6N8TVN4J396,history34,"Oni - Red/Black G10/CF, S35VN",published,sc_01JRGC53MQWCH28VMCFXJ7KRHP,variant_01JRTRSCHTFC6XP06FZ9VJAT8Z
prod_01JRTRSCXQ3EE2N1MCX5T4184H,history35,"Yokai - Black PVD handles, Red Marbled CF",published,sc_01JRGC53MQWCH28VMCFXJ7KRHP,variant_01JRTRSCYMKSQRDEAK40WBHV6F
prod_01JRTRSD990RGRQW3PKYF27VVR,history36,"Oni - Yellow/Black G10/CF, S35VN",published,sc_01JRGC53MQWCH28VMCFXJ7KRHP,variant_01JRTRSDA1XZ3G38V0W0PKWF3M
prod_01JRTRSEBQN96D7X0BA6RTXP9M,history37,Wraith - Liner Lock- Red CF/ G10,published,sc_01JRGC53MQWCH28VMCFXJ7KRHP,variant_01JRTRSECFSS27V9NEFGEHBGYS
prod_01JRTRSEQM3E9QZHDTBMMSF294,history38,Wraith - Liner Lock- Tan Micarta,published,sc_01JRGC53MQWCH28VMCFXJ7KRHP,variant_01JRTRSERCKTVYAR131ATMZ6AY
prod_01JRTRSF38YA5NCF3RVQF797DM,history39,"Oni - Red G10, D2",published,sc_01JRGC53MQWCH28VMCFXJ7KRHP,variant_01JRTRSF43C98BYPF3D8MHAT7E
prod_01JRTRSFGX3E4757BB5G91KRDD,history40,"Oni - Blackwash Ti, S35VN",published,sc_01JRGC53MQWCH28VMCFXJ7KRHP,variant_01JRTRSFHQ3PV4QB4SBP047EEJ
prod_01JRTRSFXTG0YS8A9Y7ZKEE2EC,history41,"Oni - Blue G10, D2",published,sc_01JRGC53MQWCH28VMCFXJ7KRHP,variant_01JRTRSFYPZK1FDWYT9125REHJ
prod_01JRTRSGA73S4596DV4Y29RHGZ,history42,"Oni - Blue/Black G10/CF, S35VN",published,sc_01JRGC53MQWCH28VMCFXJ7KRHP,variant_01JRTRSGB38J3HACMQEH77ZHBP
prod_01JRTRSGP1Z2S940EENB4XJG9T,history43,Wraith - Ti Frame Lock- Satin,published,sc_01JRGC53MQWCH28VMCFXJ7KRHP,variant_01JRTRSGPSXGTDX44SC2F4YSBP
prod_01JRTRSH510V2PDEKSM4QFWHMQ,history44,Wraith - Ti Frame Lock- Blue PVD,published,sc_01JRGC53MQWCH28VMCFXJ7KRHP,variant_01JRTRSH5YKBT3S26HHTSVSKAN
prod_01JRTRSHH839GQRS6QQNSKN6DB,history45,"Basilisk - Black PVD handles, Blue Marbled CF",published,sc_01JRGC53MQWCH28VMCFXJ7KRHP,variant_01JRTRSHHZXPM0TAKG2XS3CHEP
prod_01JRTRSHX6EJP33VJT9FJJ2HY1,history46,Wraith - Liner Lock- Red Micarta,published,sc_01JRGC53MQWCH28VMCFXJ7KRHP,variant_01JRTRSHY0VN3ZYXSQ2E91QGM3
prod_01JRTRSJ8VZ0FABD3PT27JFD5G,history47,Tag - Stainless Steel,published,sc_01JRGC53MQWCH28VMCFXJ7KRHP,variant_01JRTRSJ9M72Q5W9VJH958QE4C
prod_01JRTRSJMJHYNGR6A4MPR45PJR,history48,Gram - Stainless Steel,published,sc_01JRGC53MQWCH28VMCFXJ7KRHP,variant_01JRTRSJNF6KHB0W9PMRX873DS
prod_01JRTRSK0PYPSZ337R9V8D810F,history49,Anubis - Stainless Steel- Machine lines,published,sc_01JRGC53MQWCH28VMCFXJ7KRHP,variant_01JRTRSK1MSW4YJNBFQ5CCZ7PP
prod_01JRTRSKCTTZY5J3TAF6THDHGC,history50,Anubis - Titanium- Stone washed,published,sc_01JRGC53MQWCH28VMCFXJ7KRHP,variant_01JRTRSKDQ426RHJ5PCJ5G7WJN
prod_01JRTRSKRGRYGNJWAJXTZ298DS,history51,Beacon - Bead Blasted Titanium,published,sc_01JRGC53MQWCH28VMCFXJ7KRHP,variant_01JRTRSKS9QXYCAW3R63ECMV27
prod_01JRTRSM562VB7VCKS3BFC3TW3,history52,Beacon - Stainless Steel Coated Black,published,sc_01JRGC53MQWCH28VMCFXJ7KRHP,variant_01JRTRSM63TYT88Z3JX5Q2VH72
prod_01JRTRSMH7W4WVBZSKXXAJV238,history53,Wraith - Ti Frame Lock- Stonewashed,published,sc_01JRGC53MQWCH28VMCFXJ7KRHP,variant_01JRTRSMHZ531621JMFK2CCV8Q
prod_01JRTRSMYBWSFDWYT15EQASE12,history54,"Basilisk - Black PVD handles, Black Marbled CF",published,sc_01JRGC53MQWCH28VMCFXJ7KRHP,variant_01JRTRSMZ5JPN1RCF85Q6E8ZC0
prod_01JRTRSNA3K6W09B143Z0HSCWT,history55,Monsuta - Bead Blasted Titanium,published,sc_01JRGC53MQWCH28VMCFXJ7KRHP,variant_01JRTRSNAVHQWXGNZFV78E517M
prod_01JRTRSP8G2ZM4HK1GG9EPK6P9,history56,Wraith - Liner Lock- Blue CF/ G10,published,sc_01JRGC53MQWCH28VMCFXJ7KRHP,variant_01JRTRSP9AMS0NNYSEZ4486D5N
prod_01JRTRSPQGZ2VFYNGYMX6T7427,history57,Chemical Flask bead - Aluminium- Purple,published,sc_01JRGC53MQWCH28VMCFXJ7KRHP,variant_01JRTRSPR6J7T8BM2CNNM9S72R
prod_01JRTRSQDJN061Q6T9C6W3GQDX,history58,UFO bead - Antique Bronze,published,sc_01JRGC53MQWCH28VMCFXJ7KRHP,variant_01JRTRSQE7E22PYQ45XTB70D5C
prod_01JRTRSRK4DK8TS7CS3JS740QB,history59,UFO bead - Bead Blasted Titanium,published,sc_01JRGC53MQWCH28VMCFXJ7KRHP,variant_01JRTRSRKYSGY2GFRR7WW3ARGB
prod_01JRTRSRZMWCTNCQ2MX60HYP5C,history60,UFO bead - Polished and Flamed Zirc,published,sc_01JRGC53MQWCH28VMCFXJ7KRHP,variant_01JRTRSS0D3SA131GAAN0PFEAM
prod_01JRTRSSBK4TF58VBMFCEY5Z7C,history61,Anubis - Stainless Steel- Stonewashed,published,sc_01JRGC53MQWCH28VMCFXJ7KRHP,variant_01JRTRSSCH9YDJH1631BANRVC2
prod_01JRTRSWBSER4BCQZAGCX1Q579,history62,Claw - Bead Blasted Brass,published,sc_01JRGC53MQWCH28VMCFXJ7KRHP,variant_01JRTRSWCG949FN8JYDF1QDBJ8
prod_01JRTRSWQ4C9E40F84JMG4CMS9,history63,Anubis - Tungsten,published,sc_01JRGC53MQWCH28VMCFXJ7KRHP,variant_01JRTRSWQVWX3BXR7SCV2VCHSR
prod_01JRTRSX2W2JW74ZM63TH6YFV5,history64,Anubis - Zirc,published,sc_01JRGC53MQWCH28VMCFXJ7KRHP,variant_01JRTRSX3JKY4J51PR2E6SJBRV
prod_01JRTRSXFHQP0CGAH88A5ZNCZJ,history65,Anubis - Copper,published,sc_01JRGC53MQWCH28VMCFXJ7KRHP,variant_01JRTRSXGHWTBD06XZS9557CCC
prod_01JRTRSXVSMSY2JP446G2YAK2Z,history66,"Yokai - Black PVD handles, Black Marbled CF",published,sc_01JRGC53MQWCH28VMCFXJ7KRHP,variant_01JRTRSXWHVD8SZVH6RX1CW6EN
prod_01JRTRSY9NVYSSBZKJS0VYVB86,history67,Shield- Safe touch tool - Black,published,sc_01JRGC53MQWCH28VMCFXJ7KRHP,variant_01JRTRSYAE0X590511QV6QK6XV
prod_01JRTRSYNA1A39KADWTYDXJBCT,history68,Shield- Safe touch tool - Gunmetal Grey,published,sc_01JRGC53MQWCH28VMCFXJ7KRHP,variant_01JRTRSYP2TG4V7YXNGSYF4NWT
prod_01JRTRSZ1D7WHA038EAKCT9G8G,history69,Shield- Safe touch tool - Red,published,sc_01JRGC53MQWCH28VMCFXJ7KRHP,variant_01JRTRSZ23T6RK8VG41NYQPA62
prod_01JRTRSZEZX75DE7VXNARX8GSN,history70,"Djinn - Red G10, D2",published,sc_01JRGC53MQWCH28VMCFXJ7KRHP,variant_01JRTRSZFS7XP3QNX10JFDGA1J
prod_01JRTRSZW32RC3X0CCHM4NSQN4,history71,"Djinn - Blackwash Ti, S35VN",published,sc_01JRGC53MQWCH28VMCFXJ7KRHP,variant_01JRTRSZWV2ZBWC6B9VC6BFYAS
prod_01JRTRT07Q535W2FCNWGEDZWPX,history72,"Djinn - Green Ti, S35VN",published,sc_01JRGC53MQWCH28VMCFXJ7KRHP,variant_01JRTRT08JDK1JCM3CWZ8D8XEN
prod_01JRTRT0M2YN5AP234M0423RQT,history73,"Djinn - Stonewash Ti, S35VN",published,sc_01JRGC53MQWCH28VMCFXJ7KRHP,variant_01JRTRT0MYNSGKZK6C02CK9TGK
prod_01JRTRT12A66D3QV5CHJKC6V4M,history74,"Djinn - Blue Ti, S35VN",published,sc_01JRGC53MQWCH28VMCFXJ7KRHP,variant_01JRTRT136DSN0FBBJHZ1BQ8NB
prod_01JRTRT1QN0R9DHM010MGRB788,history75,"Djinn - Black G10, D2",published,sc_01JRGC53MQWCH28VMCFXJ7KRHP,variant_01JRTRT1RAX1RX5C1M6PPRTCRR
prod_01JRTRT2G8N7A9RNXFNXSMMC2S,history76,Sidekick Pry - Stone Washed Titanium,published,sc_01JRGC53MQWCH28VMCFXJ7KRHP,variant_01JRTRT2H1XGJ1DHXRTQRCBCJ5
prod_01JRTRT2WFX6PD2WM9QKTDSRXE,history77,Devoid - SS- Polished,published,sc_01JRGC53MQWCH28VMCFXJ7KRHP,variant_01JRTRT2XCJA1TB5RYAZXR4WRM
prod_01JRTRT38QAK9TWNQ7K7VCJNWT,history78,23mm Buttons - Stainless Steel,published,sc_01JRGC53MQWCH28VMCFXJ7KRHP,variant_01JRTRT39J9RN9QYYFBPNT2DY6
prod_01JRTRT3NARJDCGWAKW88Y1QJX,history79,Drop - Stainless Steel- Machine lines,published,sc_01JRGC53MQWCH28VMCFXJ7KRHP,variant_01JRTRT3P9XTE5MZ1D0AAER99A
prod_01JRTRT42R19KG6QE7HQ5YA99R,history80,Drop - Titanium- Stone washed,published,sc_01JRGC53MQWCH28VMCFXJ7KRHP,variant_01JRTRT43Q9BVP71Z956NG4PTT
prod_01JRTRT4GHE219Z8CNZJ9DAJ50,history81,Anubis - Bronze- Antique,published,sc_01JRGC53MQWCH28VMCFXJ7KRHP,variant_01JRTRT4H6HM99J4M9TGB0YMG7
prod_01JRTRT4WCVP2QP6SEAC1G74CA,history82,Devoid - Copper- Antique'd,published,sc_01JRGC53MQWCH28VMCFXJ7KRHP,variant_01JRTRT4X786NVJZQFH3JDS9T3
prod_01JRTRT6VRZ8PVYTYEJR52QH4M,history83,23mm Buttons - Zirc,published,sc_01JRGC53MQWCH28VMCFXJ7KRHP,variant_01JRTRT6WQKX7A1SQHFVDVXT7D
prod_01JRTRT7FMCER6T8TSXE6YGBN5,history84,23mm Buttons - Titanium,published,sc_01JRGC53MQWCH28VMCFXJ7KRHP,variant_01JRTRT7GASXSH84FP73PXXQN2
prod_01JRTRT853AH0F03G3V467XPWS,history85,23mm Buttons - Tungsten,published,sc_01JRGC53MQWCH28VMCFXJ7KRHP,variant_01JRTRT85WBT0CW8Z2ZGN3SN4A
prod_01JRTRT8YM3CE40QEETZ5JB6QK,history86,"Sidekick Pry - Stonewashed Ti, Ice Blue Tritium",published,sc_01JRGC53MQWCH28VMCFXJ7KRHP,variant_01JRTRT8ZM4C2QSKC1XK155M68
prod_01JRTRT9BZ8R692Y3RRJMJGN4W,history87,"Sidekick Pry - Stonewashed Ti, Green Tritium",published,sc_01JRGC53MQWCH28VMCFXJ7KRHP,variant_01JRTRT9CQNE8P8P1KWKZ0EM4Q
prod_01JRTRT9QNZWJPFHK05CPES79A,history88,"Sidekick Pry - Stonewashed Ti, No Tritium",published,sc_01JRGC53MQWCH28VMCFXJ7KRHP,variant_01JRTRT9RH6NF5WG8P32VBPQ1Q
prod_01JRTRTA40038H2ZXDADER7YMC,history89,Oni/ Djinn Scales - Copper- Antique'd,published,sc_01JRGC53MQWCH28VMCFXJ7KRHP,variant_01JRTRTA4Q049NG0TJH9PY7BJH
prod_01JRTRTAJ9A7ABV54DYZ7P1B9W,history90,Octa Bead - Stone Washed Titanium,published,sc_01JRGC53MQWCH28VMCFXJ7KRHP,variant_01JRTRTAK0WE4DQWA1DYS29PPP
prod_01JRTRTAXRGK8HTVVBZQ8WEEX7,history91,Drop - Zirc- Blasted with Polished buttons,published,sc_01JRGC53MQWCH28VMCFXJ7KRHP,variant_01JRTRTAYM4EKECS64D0MHX6P0
prod_01JRTRTB9WH5MPM52V5YAK0X7A,history92,Sidekick Pry - Zircuti Panel only,published,sc_01JRGC53MQWCH28VMCFXJ7KRHP,variant_01JRTRTBAHPESXRK8TG1Y6NXNR
prod_01JRTRTBNY68AFS731YSKJH8AG,history93,"Yokai - Black PVD handles, Blue Marbled CF",published,sc_01JRGC53MQWCH28VMCFXJ7KRHP,variant_01JRTRTBPK8G0D5K3V3J4NMV4C
prod_01JRTRTC2B7HZFTMQAPGYN67X2,history94,Arrowhead - Tri- Stainless Steel,published,sc_01JRGC53MQWCH28VMCFXJ7KRHP,variant_01JRTRTC38FJ63H496G6BHE5S5
prod_01JRTRTCEGSC3QZXBMJZM3DEC4,history95,Arrowhead - Bi- Stainless Steel,published,sc_01JRGC53MQWCH28VMCFXJ7KRHP,variant_01JRTRTCFAZMT8H2WVE21XBFH8
prod_01JRTRTCT0F5G399TMMAGREK9K,history96,"Fenrir - Blue G10, D2 Blade",published,sc_01JRGC53MQWCH28VMCFXJ7KRHP,variant_01JRTRTCTNNTQJ95QN1VPPH0ER
prod_01JRTRTD5D0CPPVYPN3Z7F61AK,history97,"Invictus - Blue G10, D2 Blade",published,sc_01JRGC53MQWCH28VMCFXJ7KRHP,variant_01JRTRTD631ZV3YSC5CA3JZ5DT
prod_01JRTRTDGZ4D5563GHW9BF4ZM5,history98,"Cerberus - Blue G10, D2 Blade",published,sc_01JRGC53MQWCH28VMCFXJ7KRHP,variant_01JRTRTDHWW9KA8SSZ22EES795
prod_01JRTRTDY0KDFDKCKH26ZAPY1S,history99,"Hades - Blue G10, D2 Blade",published,sc_01JRGC53MQWCH28VMCFXJ7KRHP,variant_01JRTRTDYQR5S90VW17KBH7WAJ
prod_01JRTRTEC2Q7YP3TKM7MWD59CG,history100,Wraith - Ti Frame Lock- Murdered Out,published,sc_01JRGC53MQWCH28VMCFXJ7KRHP,variant_01JRTRTECQQXTPH6EFPPC0A2QN
prod_01JRTRTEQHZ6KXGE3V6AN7MV2Q,history101,"Yokai - Black PVD handles, Timascus",published,sc_01JRGC53MQWCH28VMCFXJ7KRHP,variant_01JRTRTERC5VZPBCS7QFJ3NRAS
prod_01JRTRTF3EYSWEV921TNNSCBRW,history102,"Cerberus - OD Green G10, D2 Blade",published,sc_01JRGC53MQWCH28VMCFXJ7KRHP,variant_01JRTRTF48PQKN1HKVCXXZ1T16
prod_01JRTRTFNCBFQV4M2Z5CKVCDMH,history103,"Cerberus - Jade Green G10, D2 Blade",published,sc_01JRGC53MQWCH28VMCFXJ7KRHP,variant_01JRTRTFP2QJW9AF1D0WT4M3W8
prod_01JRTRTG201P2SC1PBTFS6NQAJ,history104,"Yokai - Black PVD handles, Timascus (Messy)",published,sc_01JRGC53MQWCH28VMCFXJ7KRHP,variant_01JRTRTG2SEWABATFWYDAHGNHX
prod_01JRTRTH659Q6CJ5S3DCM304EJ,history105,"Yokai - Black PVD handles, Timascus (Straight lines)",published,sc_01JRGC53MQWCH28VMCFXJ7KRHP,variant_01JRTRTH6YBBCMZ3KZ3EN2KZ0A
prod_01JRTRTK8C82G3YQEAXNJFPVAX,history106,Surya - Stainless Steel- Machine lines,published,sc_01JRGC53MQWCH28VMCFXJ7KRHP,variant_01JRTRTK9BDNJPK4DBWR5X22HA
prod_01JRTRTKNT0Z3EX9NR9V33MBX5,history107,Prana - Titanium- Stone washed,published,sc_01JRGC53MQWCH28VMCFXJ7KRHP,variant_01JRTRTKPG5Q4R13FDDNG9W6V4
prod_01JRTRTM1J3YYC660P89N8B6BA,history108,Prana - Stainless Steel- Stonewashed,published,sc_01JRGC53MQWCH28VMCFXJ7KRHP,variant_01JRTRTM29R94TJEXT51ASFS5M
prod_01JRTRTMD71J3C48CJ2666CVWS,history109,Wraith - Liner Lock- Black CF,published,sc_01JRGC53MQWCH28VMCFXJ7KRHP,variant_01JRTRTMDZVCNQVBAZ0WD0BNWV
prod_01JRTRTMWMF9BBMD37B6VJJ6NM,history110,Triad V2 - Stainless Steel- Machine lines,published,sc_01JRGC53MQWCH28VMCFXJ7KRHP,variant_01JRTRTMXHKH3F0P1PTMY7P3J7
prod_01JRTRTN8TYDZ6X8YFEDEZH4E1,history111,Surya - Titanium- Stone washed,published,sc_01JRGC53MQWCH28VMCFXJ7KRHP,variant_01JRTRTN9HFFF3GQTC414H0NXY
prod_01JRTRTNMZZV2QTQ47N3C8235T,history112,Triad V2 - Titanium- Machine Lines,published,sc_01JRGC53MQWCH28VMCFXJ7KRHP,variant_01JRTRTNNPW2Q66JWBQFE4A1HR
prod_01JRTRTP0S9X6KJ47G18T7XFFC,history113,Sidekick Pry - Stonewashed Ti with Glow rod,published,sc_01JRGC53MQWCH28VMCFXJ7KRHP,variant_01JRTRTP1H8E7831YP8GQHC0TP
prod_01JRTRTPCJ192W1PENN6MJVYEY,history114,"Prana - Zirc- Flamed. Polished body, Blasted buttons",published,sc_01JRGC53MQWCH28VMCFXJ7KRHP,variant_01JRTRTPDCZT0FZMFEXZBXRMTM
prod_01JRTRTPRE8RDB05W1EAD26R4S,history115,"Basilisk V1 - Black PVD handles, Black Marbled CF",published,sc_01JRGC53MQWCH28VMCFXJ7KRHP,variant_01JRTRTPS4DVDNYY5E8B7ZZJRS
prod_01JRTRTQ3W6P4B6F51FKSXREBM,history116,"Basilisk - Black G10, Stonewashed Blade",published,sc_01JRGC53MQWCH28VMCFXJ7KRHP,variant_01JRTRTQ4MXY7MZ6FGAVYWMF54
prod_01JRTRTQH28KE8DGG6CME858N9,history117,"Basilisk - White G10, Stonewashed Blade",published,sc_01JRGC53MQWCH28VMCFXJ7KRHP,variant_01JRTRTQHTE9QW0YSNB1WEK2YP
prod_01JRTRTQWGVZTHA7HYNGECSSNM,history118,"Banshee - Black G10, Stonewashed Blade",published,sc_01JRGC53MQWCH28VMCFXJ7KRHP,variant_01JRTRTQXCG86JR1NC3N1QBJWE
prod_01JRTRTR8A9QHZMD559FQW4QPM,history119,"Banshee - White G10, Stonewashed Blade",published,sc_01JRGC53MQWCH28VMCFXJ7KRHP,variant_01JRTRTR95M2YBC8TTRFW9EKRK
prod_01JRTRTRKZHW7TKW7AZS7TP0QP,history120,"Wendigo - Black G10, Stonewashed Blade",published,sc_01JRGC53MQWCH28VMCFXJ7KRHP,variant_01JRTRTRMQX0DDKYH9347TP52J
prod_01JRTRTRZAM7PGDC9RBJ28N5TJ,history121,"Wendigo - White G10, Stonewashed Blade",published,sc_01JRGC53MQWCH28VMCFXJ7KRHP,variant_01JRTRTS037GE9BPC65MM0KWRT
prod_01JRTRTSARHHTRBSDSXAE1VJYM,history122,"Yokai - Black G10, Stonewashed Blade",published,sc_01JRGC53MQWCH28VMCFXJ7KRHP,variant_01JRTRTSBKXWDQFCWSX55EHW9A
prod_01JRTRTSP85P1FGZ2XMD40TG51,history123,"Yokai - White G10, Stonewashed Blade",published,sc_01JRGC53MQWCH28VMCFXJ7KRHP,variant_01JRTRTSQ2RQTXVJS8EYSAD9M0
prod_01JRTRTT22SY7P3SJKTEFV2TJ6,history124,"Basilisk V1 - Black PVD handles, Red Marbled CF",published,sc_01JRGC53MQWCH28VMCFXJ7KRHP,variant_01JRTRTT342HT5XT1WA4ZQDZ2H
prod_01JRTRTTEKGVHZ1HGF1KS3NPV1,history125,"Basilisk V1 - Black PVD handles, Blue Marbled CF",published,sc_01JRGC53MQWCH28VMCFXJ7KRHP,variant_01JRTRTTFB6SKT8HZNHQKB5ET0
prod_01JRTRTTVFK5E9AYYHWFEYGTEQ,history126,Invictus V2 - Stainless Steel- Machine lines,published,sc_01JRGC53MQWCH28VMCFXJ7KRHP,variant_01JRTRTTWA2854VXS0TTNYAW49
prod_01JRTRTV6S6SPPYZKDQNNJMF88,history127,Invictus V2 - Titanium- Machine Lines,published,sc_01JRGC53MQWCH28VMCFXJ7KRHP,variant_01JRTRTV7HRCPQJJXT0XES0ZBW
prod_01JRTRTVJNAVZKD03WE8RJWAY7,history128,Pound - Titanium- Stone washed,published,sc_01JRGC53MQWCH28VMCFXJ7KRHP,variant_01JRTRTVKC1S1318TJ5CAA88K5
prod_01JRTRTVYN75048FNPSMYQDQZF,history129,Tombstone - Brass - Antique Finish,published,sc_01JRGC53MQWCH28VMCFXJ7KRHP,variant_01JRTRTVZDAZM40XKF3H8421GQ
prod_01JRTRTWBHTR6EQW9QJ7465CYP,history130,Monsuta - Aluminum- Blue,published,sc_01JRGC53MQWCH28VMCFXJ7KRHP,variant_01JRTRTWCBXVG5EQR0GT0V8FXH
prod_01JRTRTWQMCT497TY46W0P9VH7,history131,Monsuta - Turboglow- Pink,published,sc_01JRGC53MQWCH28VMCFXJ7KRHP,variant_01JRTRTWRCYZAJ7C2HVQTG9CMH
prod_01JRTRTX5HEA5HD4Y51YT1GQC6,history132,UFO bead - Titanium- Stone washed,published,sc_01JRGC53MQWCH28VMCFXJ7KRHP,variant_01JRTRTX67XXW3APSQX7BGEH0N
prod_01JRTRTXH0MCQTTRS27S5R47XB,history133,UFO bead - Aluminum - Anodized Black,published,sc_01JRGC53MQWCH28VMCFXJ7KRHP,variant_01JRTRTXHS02S68QKKQGEQTDAA
prod_01JRTRTXWFV2EQF5XDXMHB73W1,history134,Tombstone - Titanium- Stone washed,published,sc_01JRGC53MQWCH28VMCFXJ7KRHP,variant_01JRTRTXX50X5KEZ6GM7SVYS90
prod_01JRTRTYA2M0JHH7YYF2HBQ7RY,history135,Kraken - Brass - Antique Finish,published,sc_01JRGC53MQWCH28VMCFXJ7KRHP,variant_01JRTRTYARPQVNAS0QHCQRERHN
prod_01JRTRTYQC3YVZTVJS1JSEQMRX,history136,Monsuta - Aluminum- Red,published,sc_01JRGC53MQWCH28VMCFXJ7KRHP,variant_01JRTRTYR18MNJFQQGFGFTVBGW
prod_01JRTRTZ2FZYPJV6MMBAYS02SB,history137,Monsuta - Turboglow- Aqua,published,sc_01JRGC53MQWCH28VMCFXJ7KRHP,variant_01JRTRTZ362PDXXN849HSK27XJ
prod_01JRTRTZDY3RQ4ZFX86S7P5X7E,history138,UFO bead - Copper - Antique Finish,published,sc_01JRGC53MQWCH28VMCFXJ7KRHP,variant_01JRTRTZEP2Q7NB6NY975BFG6P
prod_01JRTRTZTYP6Q2XMWN3RJQY814,history139,UFO bead - Aluminum - Anodized Gunmetal,published,sc_01JRGC53MQWCH28VMCFXJ7KRHP,variant_01JRTRTZVNWDB2BZC3MVW8ZAN6
prod_01JRTRV064DF7ANC1AG77E9EN0,history140,"UFO bead - Zirconium - Black, Polished",published,sc_01JRGC53MQWCH28VMCFXJ7KRHP,variant_01JRTRV06TV4Y8XCWDQT3KF13M
prod_01JRTRV15TX06NVM7TWRGGD654,history141,Monsuta - Turboglow- Green,published,sc_01JRGC53MQWCH28VMCFXJ7KRHP,variant_01JRTRV16GH1XRN2T9MJBXS3YX
prod_01JRTRV1JC819B69K4DZQSDECC,history142,Monsuta - Turboglow- Blue,published,sc_01JRGC53MQWCH28VMCFXJ7KRHP,variant_01JRTRV1K39JH90KGTJ68PBTEN
prod_01JRTRV1XKPEH5B07X59Z249DX,history143,Monsuta - Turboglow- White,published,sc_01JRGC53MQWCH28VMCFXJ7KRHP,variant_01JRTRV1YE14QP2WG4C2ZW5FB4
prod_01JRTRV2A3F9BK866ZFQKB58BP,history144,Monsuta - Aluminum- Yellow,published,sc_01JRGC53MQWCH28VMCFXJ7KRHP,variant_01JRTRV2ASVCZQZZP0WYT2Y1QT
prod_01JRTRV2R1GN0YAX50MW2KN5DS,history145,Monsuta - Aluminum- Pink,published,sc_01JRGC53MQWCH28VMCFXJ7KRHP,variant_01JRTRV2RZ1HZFKAJ5MBBB43BN
prod_01JRTRV34CPC54B4NMQJ4Y2RFA,history146,Monsuta - Turboglow- Sunshine,published,sc_01JRGC53MQWCH28VMCFXJ7KRHP,variant_01JRTRV35DM41FHYS1PJ4PSV4Z
prod_01JRTRV3GX3A6QM68N93X4FZBY,history147,Monsuta - Turboglow- Fire,published,sc_01JRGC53MQWCH28VMCFXJ7KRHP,variant_01JRTRV3HNHRV7ESH5YDWE8485
prod_01JRTRV3YS2ANXKQ2HPCST3AE7,history148,Monsuta - Ultem,published,sc_01JRGC53MQWCH28VMCFXJ7KRHP,variant_01JRTRV3ZEC7317TFW0270BBYE
prod_01JRTRV4AP449HXNFHQAWGHKPJ,history149,Monsuta - Acrylic- Red,published,sc_01JRGC53MQWCH28VMCFXJ7KRHP,variant_01JRTRV4BDEYK9EEV1B59RV6XJ
prod_01JRTRV4QED4PWXHA0MJAZJBCY,history150,Monsuta - Brass- Blasted,published,sc_01JRGC53MQWCH28VMCFXJ7KRHP,variant_01JRTRV4R8QTZ1W7HBVMK3W3K4
prod_01JRTRV54WR1H7N3R0KYGWB1DC,history151,UFO bead - Ultem,published,sc_01JRGC53MQWCH28VMCFXJ7KRHP,variant_01JRTRV55KQRZTY81KTAPPXKTP
prod_01JRTRV5HZHD0P6ZW862DYP0H4,history152,Monsuta - Acrylic- Green,published,sc_01JRGC53MQWCH28VMCFXJ7KRHP,variant_01JRTRV5JNJWQP0RRXT63YQW1R
prod_01JRTRV5XCFRGFJ6X3W57T5C8V,history153,UFO bead - Acrylic- Purple,published,sc_01JRGC53MQWCH28VMCFXJ7KRHP,variant_01JRTRV5Y584F78QPX3NADKSKK
prod_01JRTRV6CQ27S93PD21AK8DADM,history154,Monsuta - Acrylic- Clear,published,sc_01JRGC53MQWCH28VMCFXJ7KRHP,variant_01JRTRV6DKXHREEWMEQ3YERHGK
prod_01JRTRV6TXEREDAHBNXEACN94N,history155,Monsuta - Acrylic- Orange,published,sc_01JRGC53MQWCH28VMCFXJ7KRHP,variant_01JRTRV6VNCMJYSE2QDTE2RQ6X
prod_01JRTRV7AHGDGYR57AD3Z7SN6J,history156,Monsuta - Acrylic- Blue,published,sc_01JRGC53MQWCH28VMCFXJ7KRHP,variant_01JRTRV7BAY710E1EPNV4TXEZP
prod_01JRTRV7RQ8KYC87VW5SMVZE5Z,history157,Monsuta - Acrylic- Purple,published,sc_01JRGC53MQWCH28VMCFXJ7KRHP,variant_01JRTRV7SEF2TBA9FPE4GSTAWM
prod_01JRTRV84J6ZF85Q2508RN8KM5,history158,Kraken - Brass- Bead Blasted,published,sc_01JRGC53MQWCH28VMCFXJ7KRHP,variant_01JRTRV859PGCXZSWZGFKATT45
prod_01JRTRV8M0N99B5S7GZS779ZG0,history159,UFO bead - Acrylic- Blue,published,sc_01JRGC53MQWCH28VMCFXJ7KRHP,variant_01JRTRV8MSA8PGVXBSZCJNSKC8
prod_01JRTRV90J0WA0RJBHWAQBCZ4G,history160,UFO bead - Acrylic- Clear,published,sc_01JRGC53MQWCH28VMCFXJ7KRHP,variant_01JRTRV91CE51EGW97KB6DH57F
prod_01JRTRV9CJMYB4Y9RJAMYJK7ZH,history161,UFO bead - Copper- Blasted,published,sc_01JRGC53MQWCH28VMCFXJ7KRHP,variant_01JRTRV9DAFWK332SFA0M4XN4D
prod_01JRTRV9RFE0QN6VHDYPEW84R9,history162,UFO bead - Acrylic- Red,published,sc_01JRGC53MQWCH28VMCFXJ7KRHP,variant_01JRTRV9S781Z4VH50BWWQNCYM
prod_01JRTRVA55CP9HC923J539KF4M,history163,UFO bead - Acrylic- Green,published,sc_01JRGC53MQWCH28VMCFXJ7KRHP,variant_01JRTRVA5SH01Y6GHZWYW57PY0
prod_01JRTRVAH72Y6TVDFG6N2HQKEH,history164,UFO bead - Acrylic- Orange,published,sc_01JRGC53MQWCH28VMCFXJ7KRHP,variant_01JRTRVAHX27JZH2WPQXAK4BEG
prod_01JRTRVAWVWSDBT2RS6K71SPR4,history165,Monsuta - Copper- Blasted,published,sc_01JRGC53MQWCH28VMCFXJ7KRHP,variant_01JRTRVAXK7VD978C52M8MR1JW
prod_01JRTRVB84PXF3XTW8SV80AATP,history166,Tombstone - Copper - Antique Finish,published,sc_01JRGC53MQWCH28VMCFXJ7KRHP,variant_01JRTRVB8WG2P2671YE4BR1VKD
prod_01JRTRVBM8VZ1P00K0QVBG7MV5,history167,"Tombstone - Zirconium - Black, Polished",published,sc_01JRGC53MQWCH28VMCFXJ7KRHP,variant_01JRTRVBMYH25CVJ6V386ZGCCE
prod_01JRTRVBZKS5XN1QQTZDEC3VSV,history168,Milk bead- Aluminum - Cerakoted- White,published,sc_01JRGC53MQWCH28VMCFXJ7KRHP,variant_01JRTRVC08MY2Z3B7NWD0WV284
prod_01JRTRVCC3M62MCSNESGX79VT0,history169,Pacman bead- Ultem - Frosted,published,sc_01JRGC53MQWCH28VMCFXJ7KRHP,variant_01JRTRVCCRWR1YRXMM3YW25E6Z
prod_01JRTRVCQFZDNS8ZE4C7H8BW2P,history170,Arrowhead - Penta- Stainless Steel,published,sc_01JRGC53MQWCH28VMCFXJ7KRHP,variant_01JRTRVCR5CYSCQNPAFF9KM51M
prod_01JRTRVD8F6TA81C9BS61K37Q0,history171,Drop - Clicker+Slider- Titanium,published,sc_01JRGC53MQWCH28VMCFXJ7KRHP,variant_01JRTRVD98EPJWEG9AQZ073P8A
prod_01JRTRVDP8EEAP2EVYZKQWNBRB,history172,Drop - Clicker+Slider- Stainless Steel,published,sc_01JRGC53MQWCH28VMCFXJ7KRHP,variant_01JRTRVDQ1GB914FEMEBE172S5
prod_01JRTRVE2GQCRHJA73BVVFQNY0,history173,Drop - Clicker+Slider- Zirc,published,sc_01JRGC53MQWCH28VMCFXJ7KRHP,variant_01JRTRVE368YP5QR9QC92QSRGV
prod_01JRTRVEEGYK9AW9G2YJ05C2NH,history174,"Hades - Jade Green G10, D2 Blade",published,sc_01JRGC53MQWCH28VMCFXJ7KRHP,variant_01JRTRVEFBBPTSRSETZYMRGR6T
prod_01JRTRVF58ARG3192Y4472N6ZP,history175,"Invictus - Jade Green G10, D2 Blade",published,sc_01JRGC53MQWCH28VMCFXJ7KRHP,variant_01JRTRVF609AXPQ3TNN1TSJ55J
prod_01JRTRVG95ACQFPQV6FS0N1YCN,history176,"Invictus - Black G10, D2 Blade",published,sc_01JRGC53MQWCH28VMCFXJ7KRHP,variant_01JRTRVG9WRXZ4Y7FE7QT362J9
prod_01JRTRVGNXXHWFQBQ6RA66R140,history177,"Yokai - Vader: Black G10, Black Blade",published,sc_01JRGC53MQWCH28VMCFXJ7KRHP,variant_01JRTRVGPJVJJGM4NFDGYRRZX5
prod_01JRTRVH22WH35BZRRV5FSE36C,history178,"Wendigo - Stormtrooper: White G10, Black Blade",published,sc_01JRGC53MQWCH28VMCFXJ7KRHP,variant_01JRTRVH2P89VHFYCGB185SPCY
prod_01JRTRVHE3NC535WZQS8K3CNM4,history179,"Yokai - Stormtrooper: White G10, Black Blade",published,sc_01JRGC53MQWCH28VMCFXJ7KRHP,variant_01JRTRVHEWJVT557ZXZPMEYT22
prod_01JRTRVHSW87FWV8T8219KJZF9,history180,"Basilisk - Stormtrooper: White G10, Black Blade",published,sc_01JRGC53MQWCH28VMCFXJ7KRHP,variant_01JRTRVHTRCQ9WFR1508YQDFT0
prod_01JRTRVJN7C1Y8JQ85GVVQC0EW,history181,"Wendigo - Vader: Black G10, Black Blade",published,sc_01JRGC53MQWCH28VMCFXJ7KRHP,variant_01JRTRVJP10VTB7W7ABA33FK2G
prod_01JRTRVK0XK5SHX6J0N8R1F9PR,history182,"Basilisk - Vader: Black G10, Black Blade",published,sc_01JRGC53MQWCH28VMCFXJ7KRHP,variant_01JRTRVK1H0MRCCJ3F23ACVGSF
prod_01JRTRVKGH8K5Q4F62YKZNEKB5,history183,"Hades - OD Green G10, D2 Blade",published,sc_01JRGC53MQWCH28VMCFXJ7KRHP,variant_01JRTRVKH7N0PF36AYTVDD0FPK
prod_01JRTRVKWAQMZ21WJXSSYGZWEJ,history184,"Banshee - Stormtrooper: White G10, Black Blade",published,sc_01JRGC53MQWCH28VMCFXJ7KRHP,variant_01JRTRVKX2KMT9YB803JX70SWJ
prod_01JRTRVM9JPAYRAEE932JEEZPX,history185,"Banshee - Vader: Black G10, Black Blade",published,sc_01JRGC53MQWCH28VMCFXJ7KRHP,variant_01JRTRVMADCFG5CW3ZVQZW68CX
prod_01JRTRVMNFA64ZW5RJJZXQVRG7,history186,Packman - Turboglow,published,sc_01JRGC53MQWCH28VMCFXJ7KRHP,variant_01JRTRVMP3CWWXV0Q0AVS9DM19
prod_01JRTRVN5M6GMS14KSBYJHRGC4,history187,Tombstone - Titanium- Anodized Green,published,sc_01JRGC53MQWCH28VMCFXJ7KRHP,variant_01JRTRVN6BXH3BESPM0CQAMZJ6
prod_01JRTRVNMJY7W2TV5QZYYHA1GT,history188,Tombstone - Glowweave with cf/glow plate,published,sc_01JRGC53MQWCH28VMCFXJ7KRHP,variant_01JRTRVNNAQHH9S7Y3JYX2Y6JH
prod_01JRTRVPC29WWY06ARNYAE2SCR,history189,Tombstone - Ultem with Cerakoted Aluminum plate,published,sc_01JRGC53MQWCH28VMCFXJ7KRHP,variant_01JRTRVPCVG3YK7F0H713RGWX7
prod_01JRTRVPWV9K86RABWS42XRDV5,history190,Packman - Aluminum- Cerakoted,published,sc_01JRGC53MQWCH28VMCFXJ7KRHP,variant_01JRTRVPXJ8YB37S6PTS89MYVA
prod_01JRTRVQ8PSZ9DHZWG61ABC6CF,history191,Tombstone - Titanium- Anodized Blue,published,sc_01JRGC53MQWCH28VMCFXJ7KRHP,variant_01JRTRVQ9JYZ905TTDKBD0W35M
prod_01JRTRVQNJATH3RXN3NHD8SS73,history192,UFO bead - Turboglow-orange,published,sc_01JRGC53MQWCH28VMCFXJ7KRHP,variant_01JRTRVQP9ETGAAXGMF87AFR45
prod_01JRTRVR0RXA4GT6NTA7ZW3D0X,history193,UFO bead - Turboglow-Sea Foam,published,sc_01JRGC53MQWCH28VMCFXJ7KRHP,variant_01JRTRVR1C5FQ54PQ0V5HM45GV
prod_01JRTRVREQY6E156TXS2Y2GSP9,history194,Tombstone - Zircuti,published,sc_01JRGC53MQWCH28VMCFXJ7KRHP,variant_01JRTRVRFKCS7C82QNEJFMKJ6D
prod_01JRTRVS3YDTXK1H47NCDFSRHX,history195,UFO bead - Turboglow- Lava,published,sc_01JRGC53MQWCH28VMCFXJ7KRHP,variant_01JRTRVS4NKBCFV8AF2NTFBJ6D
prod_01JRTRVSHT2XK9RY6Z6MBFZPNZ,history196,UFO bead - Turboglow- Pink,published,sc_01JRGC53MQWCH28VMCFXJ7KRHP,variant_01JRTRVSJQ38MTDN8PNXTA839T
prod_01JRTRVSXM05ZB8VS404FYGRTM,history197,UFO bead - Turboglow-Purple,published,sc_01JRGC53MQWCH28VMCFXJ7KRHP,variant_01JRTRVSYBF2JX41B473PVJVCN
prod_01JRTRVTC7FDNFHZN4RJXXFAED,history198,"Yokai - Stonewashed Ti, Stonewashed 14c28n",published,sc_01JRGC53MQWCH28VMCFXJ7KRHP,variant_01JRTRVTCY608F6JQK7SXE131V
prod_01JRTRVTY5WE57C7G7XBVHTCCH,history199,Sticker pack - 5 Pack,published,sc_01JRGC53MQWCH28VMCFXJ7KRHP,variant_01JRTRVTYXK5PSR9T96VVRV94S
prod_01JRTRVV9DPWP6GT4YTATPNYA1,history200,"Invictus - Stonewashed Ti, Stonewashed s35vn",published,sc_01JRGC53MQWCH28VMCFXJ7KRHP,variant_01JRTRVVA2FHS3P5ZVT7A489E4
prod_01JRTRVVR40TC42002CGKK1TNM,history201,"Wendigo - Stonewashed Ti, Black 14c28n",published,sc_01JRGC53MQWCH28VMCFXJ7KRHP,variant_01JRTRVVRS28AK6QNDDCFR3MNT
prod_01JRTRVW79ARBM8Q3Q5C4XMF29,history202,"Cerberus - Jade G10, Black 14c28n",published,sc_01JRGC53MQWCH28VMCFXJ7KRHP,variant_01JRTRVW7ZWNBH6GN7SH7C5XHE
prod_01JRTRVWKJHVM2C7PFPCYRFPTX,history203,"Fenrir - Stonewashed Ti, Black s35vn",published,sc_01JRGC53MQWCH28VMCFXJ7KRHP,variant_01JRTRVWM81PXR9QSHDCJEDPP9
prod_01JRTRVWZBPJDAYKA86QJKHTGX,history204,"Hades - Stonewashed Ti, Stonewashed s35vn",published,sc_01JRGC53MQWCH28VMCFXJ7KRHP,variant_01JRTRVX01FJBZNS25T051YMPZ
prod_01JRTRVXAPJFYS7104R4C51YQW,history205,"Banshee - Jade G10, Black 14c28n",published,sc_01JRGC53MQWCH28VMCFXJ7KRHP,variant_01JRTRVXBFG0H59PDPAEBD8TQR
prod_01JRTRVXNX8GTJP4SPAZR333TK,history206,"Fenrir - Jade G10, Black 14c28n",published,sc_01JRGC53MQWCH28VMCFXJ7KRHP,variant_01JRTRVXPKKA9TS8GNZCQN2JH5
prod_01JRTRVY4QG9QCRYSJTSP81PWP,history207,"Yokai - Jade G10, Black 14c28n",published,sc_01JRGC53MQWCH28VMCFXJ7KRHP,variant_01JRTRVY5D1RVS9PW528E1BW9A
prod_01JRTRVYJKMM5KNF4ERBMEDK6C,history208,"Fenrir - Stonewashed Ti, Black 14c28n",published,sc_01JRGC53MQWCH28VMCFXJ7KRHP,variant_01JRTRVYK7C06TVZEKVCCE0NPG
prod_01JRTRVYXR431RWN08N2ZDKEPW,history209,"Wendigo - Stonewashed Ti, Stonewashed s35vn",published,sc_01JRGC53MQWCH28VMCFXJ7KRHP,variant_01JRTRVYYGAPPQAPKYHNNY71YC
prod_01JRTRVZ8WV0ZX4CSRSPCKASKA,history210,"Cerberus - Stonewashed Ti, Black s35vn",published,sc_01JRGC53MQWCH28VMCFXJ7KRHP,variant_01JRTRVZ9Q1XGMSNKDZ2EEJDS0
prod_01JRTRVZQATQTXDX2BTWFYV50A,history211,"Hades - Stonewashed Ti, Black 14c28n",published,sc_01JRGC53MQWCH28VMCFXJ7KRHP,variant_01JRTRVZR4F4N8EY60D94F4A5R
prod_01JRTRW0S12WBFG457YW5M3586,history212,"Fenrir - Jade G10, Stonewashed 14c28n",published,sc_01JRGC53MQWCH28VMCFXJ7KRHP,variant_01JRTRW0SRN4TNRQQH9NCKWBW8
prod_01JRTRW17NZAQYKE5KDDDB52YP,history213,"Banshee - Tan G10, Black 14c28n",published,sc_01JRGC53MQWCH28VMCFXJ7KRHP,variant_01JRTRW18BM5XD3FKWDQ4V9380
prod_01JRTRW1PMTZAQ6530MWW8Q1AZ,history214,"Fenrir - Stonewashed Ti, Stonewashed s35vn",published,sc_01JRGC53MQWCH28VMCFXJ7KRHP,variant_01JRTRW1QDA4ZM6NB309946TKA
prod_01JRTRW2DH46G6SJH3PN1VPJJ0,history215,"Basilisk - Jade G10, Stonewashed 14c28n",published,sc_01JRGC53MQWCH28VMCFXJ7KRHP,variant_01JRTRW2E61KWAMQVBJJY51TK2
prod_01JRTRW2WJHXGZ1CM8JS2XNA4M,history216,"Basilisk - Stonewashed Ti, Stonewashed s35vn",published,sc_01JRGC53MQWCH28VMCFXJ7KRHP,variant_01JRTRW2X876XG2MXJVVR53HJ7
prod_01JRTRW3F984S00XBV0JQRAH3J,history217,"Yokai - Stonewashed Ti, Black s35vn",published,sc_01JRGC53MQWCH28VMCFXJ7KRHP,variant_01JRTRW3G0D5MCK8DFX8ST9MXD
prod_01JRTRW7N1NFC0BA1QEDSV787C,history218,"Banshee - Jade G10, Stonewashed 14c28n",published,sc_01JRGC53MQWCH28VMCFXJ7KRHP,variant_01JRTRW7NQYZRPBR8CTY9Y392A
prod_01JRTRW8157AFJ1YSC4KQMFEKW,history219,"Hades - Tan G10, Stonewashed 14c28n",published,sc_01JRGC53MQWCH28VMCFXJ7KRHP,variant_01JRTRW81XQXPRPFNAJP9MEY6N
prod_01JRTRW8T5YCZ9YEPXQ60F1Q8F,history220,"Banshee - Tan G10, Stonewashed 14c28n",published,sc_01JRGC53MQWCH28VMCFXJ7KRHP,variant_01JRTRW8TYC2HES5Q3WMSFPNQF
prod_01JRTRW96TJNMB7JEXJTYAGJ03,history221,"Banshee - Stonewashed Ti, Stonewashed s35vn",published,sc_01JRGC53MQWCH28VMCFXJ7KRHP,variant_01JRTRW97HZ7F8V8NY0Z8EPBP9
prod_01JRTRWAN3BV367NX9CT96S7N9,history222,"Wendigo - Jade G10, Black 14c28n",published,sc_01JRGC53MQWCH28VMCFXJ7KRHP,variant_01JRTRWANTJVYHFD3070QWZMXK
prod_01JRTRWBCQGEEHGEV2W6C07VJS,history223,"Invictus - Jade G10, Stonewashed 14c28n",published,sc_01JRGC53MQWCH28VMCFXJ7KRHP,variant_01JRTRWBDCKPFX50QNYVA91HX4
prod_01JRTRWBVR1TGQCYMQVZ7A8F10,history224,"Hades - Stonewashed Ti, Stonewashed 14c28n",published,sc_01JRGC53MQWCH28VMCFXJ7KRHP,variant_01JRTRWBWCV61CJ7VK73AF4857
prod_01JRTRWCCCFWKXQ1XTYNW4SYHW,history225,"Banshee - Stonewashed Ti, Stonewashed 14c28n",published,sc_01JRGC53MQWCH28VMCFXJ7KRHP,variant_01JRTRWCD6WCY9YT9ZW8V6WWMD
prod_01JRTRWHJV1XNTPD4F08DG96G5,history226,Monsuta- Exotic - Zircuti,published,sc_01JRGC53MQWCH28VMCFXJ7KRHP,variant_01JRTRWHKK7XW0JSXPNXX9Q6Q1
prod_01JRTRWJ72TZM9EMZV44K73RNZ,history227,Monsuta- Exotic - Superconductor,published,sc_01JRGC53MQWCH28VMCFXJ7KRHP,variant_01JRTRWJ7PH8P4GY6ZEQEM64GF
prod_01JRTRWJQGNBFQ1HDKGF0ER2JB,history228,Resurrections Bead - Blue Acrylic,published,sc_01JRGC53MQWCH28VMCFXJ7KRHP,variant_01JRTRWJR43W0EHEYBERF2RSNP
prod_01JRTRWK5DBN7NTKKVPEG8RT8G,history229,Resurrections Bead - Red Acrylic,published,sc_01JRGC53MQWCH28VMCFXJ7KRHP,variant_01JRTRWK686MENGM8ZTB4XZR6Q
prod_01JRTRWKK7C2P6ZTSMN95E77HJ,history230,Kraken - Copper - Antique Finish,published,sc_01JRGC53MQWCH28VMCFXJ7KRHP,variant_01JRTRWKKXXX1N5SAN78EM9YH4
prod_01JRTRWKZJGYMP7VRWGEMPSWA8,history231,"Hades - Jade G10, Stonewashed 14c28n",published,sc_01JRGC53MQWCH28VMCFXJ7KRHP,variant_01JRTRWM08WD3B25H8TYJAFK4E
prod_01JRTRWMGKED0TZBB7JHMCVG43,history232,"Hades - Tan G10, Black 14c28n",published,sc_01JRGC53MQWCH28VMCFXJ7KRHP,variant_01JRTRWMHCAX39M8JJE0EPKZEW
prod_01JRTRWMW9XT23N5YCXSB52QD2,history233,"Yokai - Jade G10, Stonewashed 14c28n",published,sc_01JRGC53MQWCH28VMCFXJ7KRHP,variant_01JRTRWMX33HG4QMWSEEP3K9W6
prod_01JRTRWN80NXY6H9S6BFERAQY6,history234,"Wendigo - Stonewashed Ti, Black s35vn",published,sc_01JRGC53MQWCH28VMCFXJ7KRHP,variant_01JRTRWN8MMJ3CBM9G45GJC1RF
prod_01JRTRWNP8C6D3M6NMSFVJTFBN,history235,"Cerberus - Stonewashed Ti, Stonewashed 14c28n",published,sc_01JRGC53MQWCH28VMCFXJ7KRHP,variant_01JRTRWNPY3ZVAVVVEVD054CCE
prod_01JRTRWP1VFKSW3EBBJGWZQZFA,history236,"Wendigo - Stonewashed Ti, Stonewashed 14c28n",published,sc_01JRGC53MQWCH28VMCFXJ7KRHP,variant_01JRTRWP2F45TZKJZC3NH3VMPB
prod_01JRTRWPH1AJX1MS80AG4300H8,history237,"Yokai - Tan G10, Stonewashed 14c28n",published,sc_01JRGC53MQWCH28VMCFXJ7KRHP,variant_01JRTRWPHQVRNRQE0R1JNKVJRD
prod_01JRTRWPWCM007W483MMC0ZPNB,history238,"Basilisk - Stonewashed Ti, Black 14c28n",published,sc_01JRGC53MQWCH28VMCFXJ7KRHP,variant_01JRTRWPX4Z5XWT8W32XEB4CW5
prod_01JRTRWQ9PAAGPWCVPS1Z6S5BZ,history239,"Basilisk - Jade G10, Black 14c28n",published,sc_01JRGC53MQWCH28VMCFXJ7KRHP,variant_01JRTRWQADF96ZQDK20G605WS8
prod_01JRTRWQRWYT3TZV24NSE7T0DV,history240,"Wendigo - Tan G10, Black 14c28n",published,sc_01JRGC53MQWCH28VMCFXJ7KRHP,variant_01JRTRWQSJ9Q3THT7JV3QNAW9S
prod_01JRTRWR99A7M3X2ZP09T84WGZ,history241,"Hades - Stonewashed Ti, Black s35vn",published,sc_01JRGC53MQWCH28VMCFXJ7KRHP,variant_01JRTRWR9Z7DRSD5QEEDXH21V6
prod_01JRTRWRN20JVPY707B5YYRHKM,history242,"Wendigo - Jade G10, Stonewashed 14c28n",published,sc_01JRGC53MQWCH28VMCFXJ7KRHP,variant_01JRTRWRNSME7SG8XAHP8V7MMS
prod_01JRTRWS25GEJJWWBK572JEGQ5,history243,"Fenrir - Stonewashed Ti, Stonewashed 14c28n",published,sc_01JRGC53MQWCH28VMCFXJ7KRHP,variant_01JRTRWS31PW3ET1RG668GY87D
prod_01JRTRWSEE8VTNV5ZBV99MJJGV,history244,"Hades - Jade G10, Black 14c28n",published,sc_01JRGC53MQWCH28VMCFXJ7KRHP,variant_01JRTRWSF62S25QA3B65782EWK
prod_01JRTRWSV650AQNHWN6EB99T77,history245,"Basilisk - Stonewashed Ti, Stonewashed 14c28n",published,sc_01JRGC53MQWCH28VMCFXJ7KRHP,variant_01JRTRWSVZEG5V6A94ZR5SCD5V
prod_01JRTRWT7FKYTDXY2V7BGHY07V,history246,"Yokai - Stonewashed Ti, Stonewashed s35vn",published,sc_01JRGC53MQWCH28VMCFXJ7KRHP,variant_01JRTRWT85V3ZKE82VNB25KP56
prod_01JRTRWTQJ6JRV0W0QVMZCP885,history247,"Basilisk - Tan G10, Stonewashed 14c28n",published,sc_01JRGC53MQWCH28VMCFXJ7KRHP,variant_01JRTRWTR7H593YPWPG05SKKSR
prod_01JRTRWV3C8EA74GKKV43ZMCRT,history248,"Banshee - Stonewashed Ti, Black s35vn",published,sc_01JRGC53MQWCH28VMCFXJ7KRHP,variant_01JRTRWV44XK5Y9XA3T7AQ5SHT
prod_01JRTRWVEZ8S224N913VK3VKBT,history249,"Cerberus - Jade G10, Stonewashed 14c28n",published,sc_01JRGC53MQWCH28VMCFXJ7KRHP,variant_01JRTRWVFSTYZBT4VDWVYQZM6J
prod_01JRTRWVTWQC082HFPPE3AH23E,history250,"Fenrir - Tan G10, Stonewashed 14c28n",published,sc_01JRGC53MQWCH28VMCFXJ7KRHP,variant_01JRTRWVVG9JB1TZN7YS06RFSA
prod_01JRTRWW6PYV2V4TGXG18WM798,history251,"Wendigo - Tan G10, Stonewashed 14c28n",published,sc_01JRGC53MQWCH28VMCFXJ7KRHP,variant_01JRTRWW7GF3N4C1EC2H61WNBQ
prod_01JRTRWWJDQRKK82W0K0F5Q12B,history252,"Cerberus - Tan G10, Stonewashed 14c28n",published,sc_01JRGC53MQWCH28VMCFXJ7KRHP,variant_01JRTRWWK31EE76APNECDSH4RP
prod_01JRTRWX07J20VAYC7JA05ZPT6,history253,"Cerberus - Stonewashed Ti, Black 14c28n",published,sc_01JRGC53MQWCH28VMCFXJ7KRHP,variant_01JRTRWX12YG1VHPB9PTCW8DC1
prod_01JRTRWXR76V8D1C4QD8VRGZ4F,history254,"Yokai - Stonewashed Ti, Black 14c28n",published,sc_01JRGC53MQWCH28VMCFXJ7KRHP,variant_01JRTRWXRXXC16Q9CX6JCP8W6X
prod_01JRTRWY4YSTBKMDT3MDSQ80BV,history255,Triad V2,published,sc_01JRGC53MQWCH28VMCFXJ7KRHP,variant_01JRTRWY5QFZBWZSHNX8ZSEVWF
prod_01JRTRWYHEDG60ESEJDGAE2MVH,history256,"Cerberus - Tan G10, Black 14c28n",published,sc_01JRGC53MQWCH28VMCFXJ7KRHP,variant_01JRTRWYJADZN8Q1WKCC9D4TK1
prod_01JRTRWZGXWFSN96D54YWZS6YV,history257,"Invictus - Stonewashed Ti, Stonewashed 14c28n",published,sc_01JRGC53MQWCH28VMCFXJ7KRHP,variant_01JRTRWZHPYQKM9ND910MREMAD
prod_01JRTRWZXKQ6S0VR252CASHWGN,history258,"Basilisk - Tan G10, Black 14c28n",published,sc_01JRGC53MQWCH28VMCFXJ7KRHP,variant_01JRTRWZYBBEZJ7PF8BWA5R6DF
prod_01JRTRX0BWE12B8W9WQAJ1JA4M,history259,"Invictus - Tan G10, Stonewashed 14c28n",published,sc_01JRGC53MQWCH28VMCFXJ7KRHP,variant_01JRTRX0CKT0NK7N7NTYQAACKZ
prod_01JRTRX0PZF3XKPJFGGA5DYW5B,history260,"Fenrir - Tan G10, Black 14c28n",published,sc_01JRGC53MQWCH28VMCFXJ7KRHP,variant_01JRTRX0QPYJA0WHFBF9ZHPNMF
prod_01JRTRX12FY31V9WM7XPJ1YCYA,history261,"Invictus - Tan G10, Black 14c28n",published,sc_01JRGC53MQWCH28VMCFXJ7KRHP,variant_01JRTRX13AZWMSH29445G8FRG7
prod_01JRTRX1E3JZQP2B6E44SCB5A9,history262,"Yokai - Tan G10, Black 14c28n",published,sc_01JRGC53MQWCH28VMCFXJ7KRHP,variant_01JRTRX1EQE3Z9QXNYK9VND212
prod_01JRTRX1SEQXBVYA4QWMH69DJC,history263,"Basilisk - Stonewashed Ti, Black s35vn",published,sc_01JRGC53MQWCH28VMCFXJ7KRHP,variant_01JRTRX1T6A3CB9JZHHAQXF0VX
prod_01JRTRX26D8GKXC6WRJ66R2VNG,history264,"Invictus - Jade G10, Black 14c28n",published,sc_01JRGC53MQWCH28VMCFXJ7KRHP,variant_01JRTRX276FKF2JDNMQDGFZMNF
prod_01JRTRX2J9W1FRTFCQV1XQNWZE,history265,"Invictus - Stonewashed Ti, Black s35vn",published,sc_01JRGC53MQWCH28VMCFXJ7KRHP,variant_01JRTRX2K3S6D21MW56NZT40X5
prod_01JRTRX2YHR0C122QW7AWBWC0V,history266,Monsuta - Titanium- Anodized Purple,published,sc_01JRGC53MQWCH28VMCFXJ7KRHP,variant_01JRTRX2Z757Y8TR7C7KBPTVVJ
prod_01JRTRX39SGYM5TCE7GG0H9V6N,history267,Monsuta - Titanium- Anodized Dark Blue,published,sc_01JRGC53MQWCH28VMCFXJ7KRHP,variant_01JRTRX3AHQWBQQJVT423C2WBS
prod_01JRTRX4FEM5F01GRFJGMW3WVR,history268,Monsuta - Titanium- Anodized Yellow,published,sc_01JRGC53MQWCH28VMCFXJ7KRHP,variant_01JRTRX4G6JFEH66JZREPWWF56
prod_01JRTRX4W4QZ7VVPCGH6JWJQM9,history269,Monsuta - Titanium- Anodized Green/ Blue,published,sc_01JRGC53MQWCH28VMCFXJ7KRHP,variant_01JRTRX4WYPSARC2TSHB1PZ1KQ
prod_01JRTRX59DNEHEXWJGKTV4RZGW,history270,Kraken - Titanium- Anodized Dark Blue,published,sc_01JRGC53MQWCH28VMCFXJ7KRHP,variant_01JRTRX5A9K6GGDJD0GEFZ5N82
prod_01JRTRX5PHJNKS685HBYQ57710,history271,Kraken - Titanium- Anodized Purple,published,sc_01JRGC53MQWCH28VMCFXJ7KRHP,variant_01JRTRX5Q6XM659MFZVBPFYEFX
prod_01JRTRX636G49GTDNPBVY1W96V,history272,Kraken - Titanium- Anodized Green/ Blue,published,sc_01JRGC53MQWCH28VMCFXJ7KRHP,variant_01JRTRX63W0HNBV81806W60W4N
prod_01JRTRX6M0MKJJ39877FNHFRF2,history273,"Djinn XL - Stonewashed Ti, S/W s35vn",published,sc_01JRGC53MQWCH28VMCFXJ7KRHP,variant_01JRTRX6MR8JCYNH2KNSR22B37
prod_01JRTRX75AEZ0N3670H734WBG4,history274,Monsuta- Exotic - Crazy Fiber- 1,published,sc_01JRGC53MQWCH28VMCFXJ7KRHP,variant_01JRTRX75Z2DE7QPWTSY4C2K8W
prod_01JRTRX7PTCMMRWAWWWFAWC2DV,history275,Monsuta- Exotic - Crazy Fiber- 7,published,sc_01JRGC53MQWCH28VMCFXJ7KRHP,variant_01JRTRX7QF0863VP20X6VG14RJ
prod_01JRTRX82BK6AESFMH4314BPYN,history276,Monsuta- Exotic - Crazy Fiber- 6,published,sc_01JRGC53MQWCH28VMCFXJ7KRHP,variant_01JRTRX836QKRMF8BYJXPJGT01
prod_01JRTRX9FX2GKWPGX7NHBP8YFR,history277,Tombstone - Titanium- Halloween exclusive,published,sc_01JRGC53MQWCH28VMCFXJ7KRHP,variant_01JRTRX9GNEEXQJ7MHWRB5K0TB
prod_01JRTRXA78SHNDP6J4Z5J3S8TN,history278,Monsuta- Acrylic - See through Acrylic- Clear,published,sc_01JRGC53MQWCH28VMCFXJ7KRHP,variant_01JRTRXA7YEHFTH8SBPX156RR7
prod_01JRTRXAPGQF1MRFR1JJX22VKD,history279,Monsuta- Exotic - Crazy Fiber- 9,published,sc_01JRGC53MQWCH28VMCFXJ7KRHP,variant_01JRTRXAQ7XKVHBDZB37CKBDPP
prod_01JRTRXB1S97ZNKMWF3SE6XHZV,history280,Monsuta- Acrylic - Ultem,published,sc_01JRGC53MQWCH28VMCFXJ7KRHP,variant_01JRTRXB2HZMHEYWPXJ1P1GV95
prod_01JRTRXBDGQJDC9RZ8GGYGYA55,history281,Monsuta- Acrylic - Acrylic- Yellow,published,sc_01JRGC53MQWCH28VMCFXJ7KRHP,variant_01JRTRXBEBW3ETZ6ADN7FNVEQ3
prod_01JRTRXBS4FBTQPY7E6B2EH9P0,history282,Monsuta- Acrylic - Acrylic- Orange,published,sc_01JRGC53MQWCH28VMCFXJ7KRHP,variant_01JRTRXBSV878Y1RNEB9TD0KW2
prod_01JRTRXC5GW5GBG9NSRHTX17MH,history283,Monsuta- Acrylic - See through Acrylic- Green,published,sc_01JRGC53MQWCH28VMCFXJ7KRHP,variant_01JRTRXC66HYJ1CGT0TBQ1D47C
prod_01JRTRXCHAY9NTD1GGHWKZS34C,history284,"Oni XL - Purple G10, S/W 14c28n",published,sc_01JRGC53MQWCH28VMCFXJ7KRHP,variant_01JRTRXCJ21DRQRXJ0R7H9NN38
prod_01JRTRXCYRN6ZB0WV0A4NAXWXR,history285,Monsuta- Acrylic - Acrylic- Black,published,sc_01JRGC53MQWCH28VMCFXJ7KRHP,variant_01JRTRXCZDSA4K9MMH28AFDS8R
prod_01JRTRXDAG2N9J1TWV1AFRF9ZQ,history286,Monsuta- Acrylic - Acrylic- Blue,published,sc_01JRGC53MQWCH28VMCFXJ7KRHP,variant_01JRTRXDB57GE1HNA24PQT9N03
prod_01JRTRXDSRWV9JMQ6ZD0TQXB1B,history287,Monsuta- Acrylic - See through Acrylic- Purple,published,sc_01JRGC53MQWCH28VMCFXJ7KRHP,variant_01JRTRXDTDZT87QWGE2J96MJWM
prod_01JRTRXE4V1S14P5W524ZJAWKJ,history288,Monsuta- Exotic - Crazy Fiber- 2,published,sc_01JRGC53MQWCH28VMCFXJ7KRHP,variant_01JRTRXE5JJ8E48BRAX7WR2W03
prod_01JRTRXEKC8DNHEC72DPDHZ2S7,history289,Monsuta- Exotic - Crazy Fiber- 4,published,sc_01JRGC53MQWCH28VMCFXJ7KRHP,variant_01JRTRXEM4K7TCNFQ2RWHA8MEW
prod_01JRTRXEZF7H39B2Q1AEFMT9PQ,history290,Monsuta- Exotic - Crazy Fiber- 5,published,sc_01JRGC53MQWCH28VMCFXJ7KRHP,variant_01JRTRXF09WRR19GREANWDZ369
prod_01JRTRXFB9PZKFDZ5X0W1TP9EY,history291,Monsuta- Acrylic - Acrylic- White,published,sc_01JRGC53MQWCH28VMCFXJ7KRHP,variant_01JRTRXFC1H7AKMNR7RSCK50FB
prod_01JRTRXFQFQWKMGXQW65J2GMG8,history292,Monsuta- Acrylic - Acrylic- Red,published,sc_01JRGC53MQWCH28VMCFXJ7KRHP,variant_01JRTRXFR7DM0SWCZE4SG7R9RN
prod_01JRTRXGCJ27GGZVZ8BFR5Z8YA,history293,Monsuta- Acrylic - See through Acrylic- Orange,published,sc_01JRGC53MQWCH28VMCFXJ7KRHP,variant_01JRTRXGD76TJ07SV12RTP34TK
prod_01JRTRXGQKXERJMETHVQ4JWXD0,history294,Monsuta- Acrylic - See through- Blue,published,sc_01JRGC53MQWCH28VMCFXJ7KRHP,variant_01JRTRXGR825GDGRTT48RMXKPF
prod_01JRTRXH3AQWZN82XPS60CKA0M,history295,Monsuta- Exotic - Crazy Fiber- 8,published,sc_01JRGC53MQWCH28VMCFXJ7KRHP,variant_01JRTRXH40JZVKN8CY54E1CHZT
prod_01JRTRXHG0S66S59RB6TYV79G6,history296,Monsuta- Exotic - Crazy Fiber- 3,published,sc_01JRGC53MQWCH28VMCFXJ7KRHP,variant_01JRTRXHGQTHGJ6RW4KTQPXFYK
prod_01JRTRXHVBGPTJJWCH26G7YTEM,history297,Tombstone - Titanium- OG Faceplate only,published,sc_01JRGC53MQWCH28VMCFXJ7KRHP,variant_01JRTRXHW5VNSGC2150ZB94HD1
prod_01JRTRXJ6TNBFYA2KPQ6Z4YWPF,history298,Monsuta- Acrylic - Acrylic- Mustard,published,sc_01JRGC53MQWCH28VMCFXJ7KRHP,variant_01JRTRXJ7FKA5W731N7Q6Y5RDQ
prod_01JRTRXJQF6A0X57V90QWSE64D,history299,Monsuta- Acrylic - Acrylic- Brown,published,sc_01JRGC53MQWCH28VMCFXJ7KRHP,variant_01JRTRXJR4KSK0X39SMA61SMDX
prod_01JRTRXK2AVKCZXTAXS937W91S,history300,"Babushka - Zirconium - Black, Polished",published,sc_01JRGC53MQWCH28VMCFXJ7KRHP,variant_01JRTRXK314REXMYWG0HT6ZHM4
prod_01JRTRXKGKJ10FJ650Y21E6FZA,history301,Pacman bead - Turboglow- Sea Foam,published,sc_01JRGC53MQWCH28VMCFXJ7KRHP,variant_01JRTRXKH7DGK5CJ5RMN7QQTWN
prod_01JRTRXKWK02FGS5RFTD36QZ6M,history302,Pacman bead - Turboglow- Yellow,published,sc_01JRGC53MQWCH28VMCFXJ7KRHP,variant_01JRTRXKX72EAZ1SX7NMQMP2SQ
prod_01JRTRXM9CGE29ZA47QQHMVPCJ,history303,Pacman bead - Ultem- Frosted,published,sc_01JRGC53MQWCH28VMCFXJ7KRHP,variant_01JRTRXMA1G6W5A3DEW6W92P8P
prod_01JRTRXMMV7X37RG5DNMZC979R,history304,"Invictus - Stonewashed Ti, Black 14c28n",published,sc_01JRGC53MQWCH28VMCFXJ7KRHP,variant_01JRTRXMNH2NTGXZYKEKDKHWCA
prod_01JRTRXN17QCRCZCY3NGX9FVB9,history305,"Banshee - Stonewashed Ti, Black 14c28n",published,sc_01JRGC53MQWCH28VMCFXJ7KRHP,variant_01JRTRXN1Z8R2RPN7TQR8T2Y9G
prod_01JRTRXP23DDTJB893NES7J7HC,history306,Packman - Turboglow with Sea Foam Pacman,published,sc_01JRGC53MQWCH28VMCFXJ7KRHP,variant_01JRTRXP2PCRAVJ4DDXSFARF2D
prod_01JRTRXPGDA8V4R3JJHG7JJ4J0,history307,Packman - Turboglow with Yellow Pacman,published,sc_01JRGC53MQWCH28VMCFXJ7KRHP,variant_01JRTRXPH6NB4VFYDAJX7JC2S8
prod_01JRTRXPY1XGGK0B9YV292MF4G,history308,Oasis - Zirc- Polished and Flamed Black,published,sc_01JRGC53MQWCH28VMCFXJ7KRHP,variant_01JRTRXPYVVR7KYNEXZQNKNYDM
prod_01JRTRXQ9PYS5K2BJRKTFYEY9K,history309,Oasis - Titanium- Bead Blasted,published,sc_01JRGC53MQWCH28VMCFXJ7KRHP,variant_01JRTRXQAAXMNQ4BTH3H6K32ZT
prod_01JRTRXRAJF724JQXZ2Z8RK8J9,history310,Oasis Lite - Zirc- Polished and Flamed Black,published,sc_01JRGC53MQWCH28VMCFXJ7KRHP,variant_01JRTRXRB9KZEPQZTA33916G80
prod_01JRTRXRT4A92TBDW98C0858QH,history311,Oasis Lite - Titanium- Bead Blasted,published,sc_01JRGC53MQWCH28VMCFXJ7KRHP,variant_01JRTRXRTV620K7TVWHNT7SF9H
prod_01JRTRXT9V9YNHT4YXQ1S982GM,history312,Oasis - Stainless Steel- Bead Blasted,published,sc_01JRGC53MQWCH28VMCFXJ7KRHP,variant_01JRTRXTAHBW639A19SSG36RYT
prod_01JRTRXTNW7BXEV8HW69ZAEXD4,history313,Oasis Lite - Stainless Steel- Bead Blasted,published,sc_01JRGC53MQWCH28VMCFXJ7KRHP,variant_01JRTRXTPJ4YYBXBWQWZ2V0GS0
prod_01JRTRXV2ZXAHJNE7TRHHKWNEK,history314,Oasis - Aluminum- Bead Blasted,published,sc_01JRGC53MQWCH28VMCFXJ7KRHP,variant_01JRTRXV3SHV4P2JEV4NNW4AEX
prod_01JRTRXVG08GN4Q46XNP6X8TAF,history315,Kraken - Titanium- Anodized Yellow,published,sc_01JRGC53MQWCH28VMCFXJ7KRHP,variant_01JRTRXVGXC9WN6N1BGA93EP2F
prod_01JRTRXVWXD9XC37MB5PW5T8QF,history316,"Invictus - Jade G10, Stonewashed 154CM",published,sc_01JRGC53MQWCH28VMCFXJ7KRHP,variant_01JRTRXVXNXQ7A0D3TK9KKKYR7
prod_01JRTRXW9BSPKN11TN488GMCH1,history317,"Wendigo - Tan G10, Black N690",published,sc_01JRGC53MQWCH28VMCFXJ7KRHP,variant_01JRTRXW9ZAPYCV6T534SFTRBW
prod_01JRTRXWNNVWCXEWWXMW38CZGH,history318,"Banshee - Jade G10, Black N690",published,sc_01JRGC53MQWCH28VMCFXJ7KRHP,variant_01JRTRXWPF2QMVKWGYMVNQGPTK
prod_01JRTRXX18FM9Q1SY7SQJF2VBJ,history319,"Fenrir - Jade G10, Stonewashed 154CM",published,sc_01JRGC53MQWCH28VMCFXJ7KRHP,variant_01JRTRXX21DQ7CWNMDVNJ0V9DW
prod_01JRTRXXCT2NGQN31524GZAAHH,history320,"Hades - Jade G10, Black 154CM",published,sc_01JRGC53MQWCH28VMCFXJ7KRHP,variant_01JRTRXXDJYQRR5AZX849FSW08
prod_01JRTRXXSZFKZW84EMNCF13EC4,history321,"Wendigo - Jade G10, Stonewashed N690",published,sc_01JRGC53MQWCH28VMCFXJ7KRHP,variant_01JRTRXXTMQ2PNX33E4NMGKBFW
prod_01JRTRXYAGD5SBSBK8C7P0ETPJ,history322,"Fenrir - Tan G10, Stonewashed 154CM",published,sc_01JRGC53MQWCH28VMCFXJ7KRHP,variant_01JRTRXYB6379YWAPG2VTK42TR
prod_01JRTRXYNHFP4Y28QFWPX9MKFN,history323,"Hades - Tan G10, Black 154CM",published,sc_01JRGC53MQWCH28VMCFXJ7KRHP,variant_01JRTRXYP5NZ7KHRHBHDZHQKP0
prod_01JRTRXZ2P57M7Y4RBCP5JWQYJ,history324,"Invictus - Tan G10, Stonewashed 154CM",published,sc_01JRGC53MQWCH28VMCFXJ7KRHP,variant_01JRTRXZ3C6YQ58HX8PWQF7KHA
prod_01JRTRXZE5X43Z9R1YQD48BEG8,history325,"Fenrir - Jade G10, Black 154CM",published,sc_01JRGC53MQWCH28VMCFXJ7KRHP,variant_01JRTRXZESFW99AQAM7JKFS9EG
prod_01JRTRXZS64FGVK0V3QAM2A50Q,history326,"Banshee - Jade G10, Stonewashed N690",published,sc_01JRGC53MQWCH28VMCFXJ7KRHP,variant_01JRTRXZSSW4K9V98QMJ60S75F
prod_01JRTRY0469Z0TCD918H7SA6GA,history327,"Wendigo - Jade G10, Black N690",published,sc_01JRGC53MQWCH28VMCFXJ7KRHP,variant_01JRTRY04W5YA53ZB84ARTTSMP
prod_01JRTRY0FA3CK7ME01P5NP2P5D,history328,Scales - Banshee/ Invictus/ Wendigo- Brass,published,sc_01JRGC53MQWCH28VMCFXJ7KRHP,variant_01JRTRY0FXB3RS0CW2G2FH4W1E
prod_01JRTRY0TNYMCTW0ES847C6186,history329,Scales - Yokai/ Basilisk/ Cerberus- White G10,published,sc_01JRGC53MQWCH28VMCFXJ7KRHP,variant_01JRTRY0VAN2HGZV13ZPAKQWC4
prod_01JRTRY1671DQ9P294YMW5JX4Z,history330,Scales - Yokai/ Basilisk/ Cerberus- Copper,published,sc_01JRGC53MQWCH28VMCFXJ7KRHP,variant_01JRTRY16VWSB3GSEARW74C8MY
prod_01JRTRY1M95YENQ5BMPR6EPQZS,history331,Scales - Hades/ Fenrir- Brass,published,sc_01JRGC53MQWCH28VMCFXJ7KRHP,variant_01JRTRY1MZR0FHMTNBRKTGV0BT
prod_01JRTRY228F9NT1GJK1W113133,history332,Scales - Yokai/ Basilisk/ Cerberus- Brass,published,sc_01JRGC53MQWCH28VMCFXJ7KRHP,variant_01JRTRY22XHCSSAAWWC8P2HMQC
prod_01JRTRY2E8XDRGNYG6TZJ5PPYP,history333,Scales - Banshee/ Invictus/ Wendigo- Black G10,published,sc_01JRGC53MQWCH28VMCFXJ7KRHP,variant_01JRTRY2EZ7RTSPSGWN7W9SZ90
prod_01JRTRY2WKHWDKW68J0WBK36YT,history334,Scales - Banshee/ Invictus/ Wendigo- Copper,published,sc_01JRGC53MQWCH28VMCFXJ7KRHP,variant_01JRTRY2X89PEYKRGVS66T3X1G
prod_01JRTRY3A27M64QZBN9WY9D5KD,history335,"Hades - Tan G10, Stonewashed 154CM",published,sc_01JRGC53MQWCH28VMCFXJ7KRHP,variant_01JRTRY3ARPY82J0ZC11BK2Q18
prod_01JRTRY3XDCTXBF0V8M1WK9QY9,history336,Scales - Hades/ Fenrir- Black G10,published,sc_01JRGC53MQWCH28VMCFXJ7KRHP,variant_01JRTRY3Y8WNX1WV760GG19MRE
prod_01JRTRY4BQZMSH0CMTBYZB9KGZ,history337,Scales - Banshee/ Invictus/ Wendigo- Titanium,published,sc_01JRGC53MQWCH28VMCFXJ7KRHP,variant_01JRTRY4CDRAGW8ANTT05E22MA
prod_01JRTRY4QZ09FJ9BH9JKD6XA48,history338,Scales - Yokai/ Basilisk/ Cerberus- Black G10,published,sc_01JRGC53MQWCH28VMCFXJ7KRHP,variant_01JRTRY4RSJ7VW8DSYTC4BFZY0
prod_01JRTRY56154PH9YMAKDE4Y7JX,history339,Scales - Hades/ Fenrir- Copper,published,sc_01JRGC53MQWCH28VMCFXJ7KRHP,variant_01JRTRY56NHJW30F02D6ZB0KRY
prod_01JRTRY5HFDJTF82MFS3F64Q0Q,history340,Scales - Hades/ Fenrir- White G10,published,sc_01JRGC53MQWCH28VMCFXJ7KRHP,variant_01JRTRY5J470YXNNX87R8F0GVQ
prod_01JRTRY5XFW09MHAF9CRCAXRP0,history341,Scales - Yokai/ Basilisk/ Cerberus- Titanium,published,sc_01JRGC53MQWCH28VMCFXJ7KRHP,variant_01JRTRY5Y43RW1ZKJ5J0981ZEG
prod_01JRTRY6C3VQT7KTXEW7NV67HN,history342,Scales - Hades/ Fenrir- Titanium,published,sc_01JRGC53MQWCH28VMCFXJ7KRHP,variant_01JRTRY6CSW95TR351Y58C6TQ9
prod_01JRTRY6YWWNX421CBCKHGYE7A,history343,"Banshee - Tan G10, Stonewashed N690",published,sc_01JRGC53MQWCH28VMCFXJ7KRHP,variant_01JRTRY6ZH9TMKTS9657FC7QR0
prod_01JRTRY7EWVDGYBABEA3C97H1H,history344,"Hades - Jade G10, Stonewashed 154CM",published,sc_01JRGC53MQWCH28VMCFXJ7KRHP,variant_01JRTRY7FMA5MVJ55C8C3RQCKN
prod_01JRTRY7TR325YYGGW1WS7ZF6M,history345,"Wendigo - Tan G10, Stonewashed N690",published,sc_01JRGC53MQWCH28VMCFXJ7KRHP,variant_01JRTRY7VEAKYMH0GKWA305JX7
prod_01JRTRY85TFKFCKHH4FFWQR20G,history346,"Fenrir - Tan G10, Black 154CM",published,sc_01JRGC53MQWCH28VMCFXJ7KRHP,variant_01JRTRY86RBAS5CJW580G6V9EV
prod_01JRTRY8HGBC43GBB06ZX4N6GQ,history347,Monsuta - Titanium- Blasted,published,sc_01JRGC53MQWCH28VMCFXJ7KRHP,variant_01JRTRY8J4YJYCTGNK5KT9KA3Y
prod_01JRTRY8WE7HXQ8DDGN0QDJV1D,history348,Toxic bead- Aluminum - Cerakoted- Yellow,published,sc_01JRGC53MQWCH28VMCFXJ7KRHP,variant_01JRTRY8X22XFD76SV5ADW946K
prod_01JRTRY9YAF05V2K3MNW1F8RCT,history349,Damned Patches - Babushka,published,sc_01JRGC53MQWCH28VMCFXJ7KRHP,variant_01JRTRY9YZSSV5ER7458RKWYGN
prod_01JRTRYAB2C4K47N6J7CB7NBV1,history351,Damned Patches - Hexagon Logo,published,sc_01JRGC53MQWCH28VMCFXJ7KRHP,variant_01JRTRYABV23XCV03TTJ8YCAGT
prod_01JRTRYAPBCCWVFJ03E7G9TBRV,history352,Rough Patch Kids - Logo,published,sc_01JRGC53MQWCH28VMCFXJ7KRHP,variant_01JRTRYAPZNZAADY7W4R6DCKDE
prod_01JRTRYB2JBYKBT5HA6VSXSEVT,history353,Rough Patch Kids - Red,published,sc_01JRGC53MQWCH28VMCFXJ7KRHP,variant_01JRTRYB37TZF5677XNQY1DKY9
prod_01JRTRYBHFDPZHNK6YMC3SQBR4,history354,Rough Patch Kids - Blue,published,sc_01JRGC53MQWCH28VMCFXJ7KRHP,variant_01JRTRYBJ3F7B679NQ33JAJ3YE
prod_01JRTRYBX8RF5KZF5JZ1QYGV4S,history355,Rough Patch Kids - Green,published,sc_01JRGC53MQWCH28VMCFXJ7KRHP,variant_01JRTRYBXX9P66RVVTFJZJD9A7
prod_01JRTRYC8QEMWJ2QVNBCQ6AFQ0,history356,Rough Patch Kids - Yellow,published,sc_01JRGC53MQWCH28VMCFXJ7KRHP,variant_01JRTRYC9BAQ5H0WDG48NWVK2D
prod_01JRTRYCMPHVX4SVYNVXB0563F,history357,Gram - Titanium- Stone washed,published,sc_01JRGC53MQWCH28VMCFXJ7KRHP,variant_01JRTRYCNHPP3D70T6HZM0946B
prod_01JRTRYD0BCS40HYB0NRV04EHY,history358,"Fenrir - Stonewashed Ti, Stonewashed 154CM",published,sc_01JRGC53MQWCH28VMCFXJ7KRHP,variant_01JRTRYD0ZNRCT4HES2DBQBBQW
prod_01JRTRYDBKYAPYYMPX5HS8ZECP,history359,"Hades - White G10, Black 154CM (Stormtrooper)",published,sc_01JRGC53MQWCH28VMCFXJ7KRHP,variant_01JRTRYDC913QN5DNBBM7JEZ8A
prod_01JRTRYDQSC6PK3JCVJJ5FSEMH,history360,"Hades - Stonewashed Ti, Black 154CM",published,sc_01JRGC53MQWCH28VMCFXJ7KRHP,variant_01JRTRYDRFE90HPKRK469Y3D0J
prod_01JRTRYE2ZQ4MM8PTSSKNMNWFQ,history361,"Fenrir - White G10, Black 154CM (Stormtrooper)",published,sc_01JRGC53MQWCH28VMCFXJ7KRHP,variant_01JRTRYE3MFPVGVJJFSS660Y3X
prod_01JRTRYEEPCFEBT1GWJZ77H19A,history362,"Hades - Black G10, Black 154CM (Darth Vader)",published,sc_01JRGC53MQWCH28VMCFXJ7KRHP,variant_01JRTRYEFCRTPC8AFE1BBEW34T
prod_01JRTRYET7G0S4KRQD2AH0TC5G,history363,"Hades - Black G10, Stonewashed 154CM",published,sc_01JRGC53MQWCH28VMCFXJ7KRHP,variant_01JRTRYEV0AB2D16JQJB0NDW6Z
prod_01JRTRYF60F97437V1Q90R4ZCW,history364,"Hades - White G10, Stonewashed 154CM",published,sc_01JRGC53MQWCH28VMCFXJ7KRHP,variant_01JRTRYF6M1GJNPMXBNQCDDG1C
prod_01JRTRYFJ21HACKGMWMJCY5A9Y,history365,"Fenrir - Black G10, Black 154CM (Darth Vader)",published,sc_01JRGC53MQWCH28VMCFXJ7KRHP,variant_01JRTRYFJNG4HMC1AF091SXYMZ
prod_01JRTRYGCV9SQKBJBDATABBG5P,history366,Rough Patch Kids - Set (Logo + 4 Kids),published,sc_01JRGC53MQWCH28VMCFXJ7KRHP,variant_01JRTRYGDJA8ZKH8M9F7Z2X1DT
prod_01JRTRYGQSBT8N5ZWKKMSRPH0E,history367,"Fenrir - Black G10, Stonewashed 154CM",published,sc_01JRGC53MQWCH28VMCFXJ7KRHP,variant_01JRTRYGRCXCVMSV9DVZ93VA95
prod_01JRTRYH3TZKQ3FDKYABV99F3J,history368,"Fenrir - Stonewashed Ti, Black 154CM",published,sc_01JRGC53MQWCH28VMCFXJ7KRHP,variant_01JRTRYH4H677TNKY27TZX1V02
prod_01JRTRYHRPF5PMGQP9WZHFA5WD,history369,"Hades - Stonewashed Ti, Stonewashed 154CM",published,sc_01JRGC53MQWCH28VMCFXJ7KRHP,variant_01JRTRYHSCEJS1KNXT1PHNBV76
prod_01JRTRYJ3SP9SY0EHYHMZHQCFF,history370,"Banshee - Tan G10, Black N690",published,sc_01JRGC53MQWCH28VMCFXJ7KRHP,variant_01JRTRYJ4G0PKXNVCNYF8TJ1DP
prod_01JRTRYJHE8YWPSC9KT05H4E9V,history371,"Fenrir - White G10, Stonewashed 154CM",published,sc_01JRGC53MQWCH28VMCFXJ7KRHP,variant_01JRTRYJJ3X9ET8JWNDNF6M3S8
prod_01JRTRYJX03FH493F4AC00FQ4H,history372,"Brahma - White G10, Stonewashed 14c28n",published,sc_01JRGC53MQWCH28VMCFXJ7KRHP,variant_01JRTRYJXMB2EW6E0WRK26E77P
prod_01JRTRYKBA4MAP8QDHR3JS9HHE,history373,Stormtrooper - Chimera,published,sc_01JRGC53MQWCH28VMCFXJ7KRHP,variant_01JRTRYKBX3Z83DR7RMZKJVEN8
prod_01JRTRYKPZJWD967BG1KVZ42PP,history374,Vader - Brahma,published,sc_01JRGC53MQWCH28VMCFXJ7KRHP,variant_01JRTRYKR0NZ655Y2S4H1VW2DV
prod_01JRTRYM2HC8NVYG4TW9JX7M2A,history375,Vader - Wraith,published,sc_01JRGC53MQWCH28VMCFXJ7KRHP,variant_01JRTRYM361626A4PM9BTZEQVZ
prod_01JRTRYMF8SESD3WPE1NF9B35T,history376,Stormtrooper - Brahma,published,sc_01JRGC53MQWCH28VMCFXJ7KRHP,variant_01JRTRYMFYKQ5YBG036JPSEGXQ
prod_01JRTRYMTA65R9P5AK3MX0SKEY,history377,Vader - Chimera,published,sc_01JRGC53MQWCH28VMCFXJ7KRHP,variant_01JRTRYMV0THRY03BCGS1Z144C
prod_01JRTRYN57SMJNNJTCPYH4MN18,history378,Stormtrooper - Wraith,published,sc_01JRGC53MQWCH28VMCFXJ7KRHP,variant_01JRTRYN5VTXBYXJFV8BJSC11E
prod_01JRTRYP4H8MRYK7M54Q6A9KCV,history379,"Chimera - Vader: Black G10, Black 14c28n",published,sc_01JRGC53MQWCH28VMCFXJ7KRHP,variant_01JRTRYP5421HTNVY63XJXD8EZ
prod_01JRTRYPFD4PM36VEKJGRCJFNH,history380,"Chimera - Stormtrooper: White G10, Black 14c28n",published,sc_01JRGC53MQWCH28VMCFXJ7KRHP,variant_01JRTRYPG62XRA3HMFJPECPRW7
prod_01JRTRYPV0J51BYK22DE0KR2FR,history381,"Brahma - Stormtrooper: White G10, Black 14c28n",published,sc_01JRGC53MQWCH28VMCFXJ7KRHP,variant_01JRTRYPVMRYBWH753V4P17X7D
prod_01JRTRYQ5Z7THPY0QN1750QA6Z,history382,Toxic bead - Cerakoted Aluminum- Yellow,published,sc_01JRGC53MQWCH28VMCFXJ7KRHP,variant_01JRTRYQ6TF3PY9CQSBGAXHH9T
prod_01JRTRYQJ06C1ZHAG39RXMB3C0,history383,Toxic bead - Cerakoted Aluminum- Green,published,sc_01JRGC53MQWCH28VMCFXJ7KRHP,variant_01JRTRYQJMZFQ9S4CWV0DXMT2C
prod_01JRTRYRDWZ7BMN1WRVVS9XD8X,history384,Jam bead - Cerakoted Aluminum- Orange,published,sc_01JRGC53MQWCH28VMCFXJ7KRHP,variant_01JRTRYREFB5R1AVN6R2181HTF
prod_01JRTRYRT9T4YCEAGGB189XD9D,history385,Love potion bead - Cerakoted Aluminum- Pink,published,sc_01JRGC53MQWCH28VMCFXJ7KRHP,variant_01JRTRYRV1MQG3P79HHGCK9FBJ
prod_01JRTRYS5R7Z908K8FM9YVK4GJ,history386,"Wraith - Vader: Black G10, Black 14c28n",published,sc_01JRGC53MQWCH28VMCFXJ7KRHP,variant_01JRTRYS6HN01ZP07GSXEP6QEX
prod_01JRTRYSHFYBHAK33774A6SAE8,history387,"Wraith - Stormtrooper: White G10, Black 14c28n",published,sc_01JRGC53MQWCH28VMCFXJ7KRHP,variant_01JRTRYSJ7Z2603BE5W9503MZM
prod_01JRTRYSWTFJZT7FJSPVPPR9VA,history388,"Oni - White/ Black Damascus G10, Stonewashed 14c28n",published,sc_01JRGC53MQWCH28VMCFXJ7KRHP,variant_01JRTRYSXKCTG7VMG42H7RZGJW
prod_01JRTRYT8H13G7XQJEA4K6CQJV,history389,"Djinn - White/ Black Damascus G10, Stonewashed 14c28n",published,sc_01JRGC53MQWCH28VMCFXJ7KRHP,variant_01JRTRYT94JC17RMRECTC9JYZP
prod_01JRTRYTMDJVC5M50CCH3VPT65,history390,"Anzu - White/ Black Damascus G10, Stonewashed 14c28n",published,sc_01JRGC53MQWCH28VMCFXJ7KRHP,variant_01JRTRYTN5ZXPZK3ZMFMND9EAX
prod_01JRTRYV2NR9T7KAP5NX6DNK2B,history391,Scales- Fixed Blades - Copper,published,sc_01JRGC53MQWCH28VMCFXJ7KRHP,variant_01JRTRYV39SF2BAMA4RAGARKN9
prod_01JRTRYVES41TJ50M3EK5645Q2,history392,Scales- Fixed Blades - Brass,published,sc_01JRGC53MQWCH28VMCFXJ7KRHP,variant_01JRTRYVFG6NVYH1CM47KD7TH6
prod_01JRTRYVT8GW3P39FYB03ATE7H,history393,Scales- Fixed Blades - Titanium,published,sc_01JRGC53MQWCH28VMCFXJ7KRHP,variant_01JRTRYVTY5QYEDFCG9FATA762
prod_01JRTRYW66R6KZ33ZV43V7GBBZ,history394,Monsuta- Turboglow - 8,published,sc_01JRGC53MQWCH28VMCFXJ7KRHP,variant_01JRTRYW6WKFD8XFV8Y01AKBKG
prod_01JRTRYWN17EFDAJEYSDVW9SW1,history395,Monsuta- Turboglow - 2,published,sc_01JRGC53MQWCH28VMCFXJ7KRHP,variant_01JRTRYWNPWFS3XTVAT48S0PB2
prod_01JRTRYX0FBGSHARP25K1T7YP4,history396,Monsuta- Turboglow - 3,published,sc_01JRGC53MQWCH28VMCFXJ7KRHP,variant_01JRTRYX16ZBF2878YRQV2D9HW
prod_01JRTRYXGKRWNC6KNAXJAK0FE9,history397,Monsuta- Turboglow - 4,published,sc_01JRGC53MQWCH28VMCFXJ7KRHP,variant_01JRTRYXHCKFJC5CXSAQRQ6ARN
prod_01JRTRYXW7QM3W6VVT9WMZR8XR,history398,Monsuta- Turboglow - 7,published,sc_01JRGC53MQWCH28VMCFXJ7KRHP,variant_01JRTRYXWWW535Y0M7BM7YNRFX
prod_01JRTRYY90T023PS8JA2E7AJWS,history399,Monsuta- Turboglow - 1,published,sc_01JRGC53MQWCH28VMCFXJ7KRHP,variant_01JRTRYY9M4TPNV3BE5BABXRB3
prod_01JRTRYYKWFHZAV6RE3ECPJ5Q3,history400,Monsuta- Turboglow - 5,published,sc_01JRGC53MQWCH28VMCFXJ7KRHP,variant_01JRTRYYMH6ZMRMWH910WZ8MWF
prod_01JRTRYYYQXCFPYHS4FY09QGM3,history401,Monsuta- Turboglow - 6,published,sc_01JRGC53MQWCH28VMCFXJ7KRHP,variant_01JRTRYYZDR482C0TJQV91M9KG
prod_01JRTRYZAN0771BDPJXC3QF8VP,history402,"Kitchen knife set- Pre production (Read description) - VG10 steel, stabilized wood handles",published,sc_01JRGC53MQWCH28VMCFXJ7KRHP,variant_01JRTRYZB8Z4Z1CRYJWCQR6W37
prod_01JRTRYZT9R1CRYJEJ292534FQ,history403,"Kitchen knife set- B Stock, no box (Read description) - VG10 steel, stabilized wood handles",published,sc_01JRGC53MQWCH28VMCFXJ7KRHP,variant_01JRTRYZTX6142EZR339YY4FP8
prod_01JRTRZ05PKCPEES51TXDZ1HRW,history404,Chef Knives- B Stock - Cleaver,published,sc_01JRGC53MQWCH28VMCFXJ7KRHP,variant_01JRTRZ06BTQV48B10966VWGZB
prod_01JRTRZ0GTVCZ0F1DW6NZVA5BE,history405,"Chef Knives- B Stock - Set- Paring, 8in Chef & Cleaver",published,sc_01JRGC53MQWCH28VMCFXJ7KRHP,variant_01JRTRZ0HKQXFTKY3601ZNPEZH
prod_01JRTRZ0WX4S45AR0CBY3S1YQN,history406,Chef Knives- B Stock - Paring,published,sc_01JRGC53MQWCH28VMCFXJ7KRHP,variant_01JRTRZ0XK1ZCCRP5RZ3B8FZTH
prod_01JRTRZ18G33Y1QT8DNSWV27T2,history407,Chef Knives- B Stock - 8in Chef,published,sc_01JRGC53MQWCH28VMCFXJ7KRHP,variant_01JRTRZ194SYBXC3YT4QBACAER
prod_01JRTRZ1PFYPZ6YVYG0ZF8W9ET,history408,Monsuta Bead - Acrylic- Brown,published,sc_01JRGC53MQWCH28VMCFXJ7KRHP,variant_01JRTRZ1Q3G43G4DF25SKJATG7
prod_01JRTRZ21B78FMMEAEZB3CAT63,history409,Monsuta Bead - Acrylic- Mustard,published,sc_01JRGC53MQWCH28VMCFXJ7KRHP,variant_01JRTRZ223MH60Y7D6WGNXZTM9
prod_01JRTRZ2D9K68RTJJ8QK2T0BGF,history410,Cow bead- Aluminum - Cerakoted- White,published,sc_01JRGC53MQWCH28VMCFXJ7KRHP,variant_01JRTRZ2DY79QC59T945NCSGQG
prod_01JRTRZ2RTAJ0XY3MCB0D346A5,history411,Osiris shipping fee - Domestic USA w Insurance,published,sc_01JRGC53MQWCH28VMCFXJ7KRHP,variant_01JRTRZ2SDP4HWK18KJGA5N2MJ
prod_01JRTRZ33TKHD2K1B8GJJNEP94,history412,Osiris shipping fee - Domestic USA w/o Insurance,published,sc_01JRGC53MQWCH28VMCFXJ7KRHP,variant_01JRTRZ34GTAVEREXP2P627SFV
prod_01JRTRZ3FWDYBV65M5WVN7D7H9,history413,"Osiris shipping fee - Spain, Sweden",published,sc_01JRGC53MQWCH28VMCFXJ7KRHP,variant_01JRTRZ3GKRN44N8JHA81QK40X
prod_01JRTRZ3V2VD57DJ63HSDG4G3D,history414,Necro Coin - Titanium- Stonewashed,published,sc_01JRGC53MQWCH28VMCFXJ7KRHP,variant_01JRTRZ3VR5ASW5GQXQ0JHXZA2
prod_01JRTRZ47X5MF3G501WFTJN0BY,history415,Necro Coin - Brass- Antique Finish,published,sc_01JRGC53MQWCH28VMCFXJ7KRHP,variant_01JRTRZ48MHZX3GJGCV29WA9CF
prod_01JRTRZ4PPZR40V3SV0ATNSJGB,history416,Necro Coin - Copper- Antique Finish,published,sc_01JRGC53MQWCH28VMCFXJ7KRHP,variant_01JRTRZ4QCYRWGM6A03AGWK2YV
prod_01JRTRZ5EG0BDA6PWVHKHHRCJ8,history417,"Osiris shipping fee - Canada, UK",published,sc_01JRGC53MQWCH28VMCFXJ7KRHP,variant_01JRTRZ5F6V7ECY34P8Q9DZF3T
prod_01JRTRZ5ZCQCA60NH037HCS6VN,history418,Osiris shipping fee - Ireland,published,sc_01JRGC53MQWCH28VMCFXJ7KRHP,variant_01JRTRZ609723V1T4BZT7D00X2
prod_01JRTRZ6CTK2426DAGKDE4R6SY,history419,"Osiris paring knife - VG 10, Carbon Fiber scales",published,sc_01JRGC53MQWCH28VMCFXJ7KRHP,variant_01JRTRZ6DHF5RKWVH24C3BVC98
prod_01JRTRZ6S6Q1D24WNK7W325XXG,history420,Osiris shipping fee - Australia,published,sc_01JRGC53MQWCH28VMCFXJ7KRHP,variant_01JRTRZ6SV2MK7DRXWDZ7BXQEZ
prod_01JRTRZ7967TKZ0N4GEK6Z05H4,history421,"Osiris cleaver - VG 10, Carbon Fiber scales",published,sc_01JRGC53MQWCH28VMCFXJ7KRHP,variant_01JRTRZ79XSX3ET1B2NZA12AAB
prod_01JRTRZ8G3PQ3CRFQVERS9XFMC,history422,Osiris- CF boxed set - Full boxed set with mismatched serial numbers,published,sc_01JRGC53MQWCH28VMCFXJ7KRHP,variant_01JRTRZ8GRQ896VHC8DAHV95QY
prod_01JRTRZ8ZQE18TYC3C6J9TRP96,history423,Scales - Banshee/ Invictus/ Wendigo- White G10,published,sc_01JRGC53MQWCH28VMCFXJ7KRHP,variant_01JRTRZ90BDGNB2QQAHRJR782X
prod_01JRTRZ9KNPQBTXWM008HWP2E1,history424,Kickstarter Shipping USA - USA,published,sc_01JRGC53MQWCH28VMCFXJ7KRHP,variant_01JRTRZ9MMKA3ERFAGHNGXE9NB
prod_01JRTRZ9YZE3CHM9D1HFHS3ZKF,history425,Kickstarter Shipping USA - Non USA,published,sc_01JRGC53MQWCH28VMCFXJ7KRHP,variant_01JRTRZ9ZKD3EPWPRKXRS19FY9
prod_01JRTRZAAR4FTJ0TWK5NCYDRVQ,history427,Talon - Stone Washed Titanium,published,sc_01JRGC53MQWCH28VMCFXJ7KRHP,variant_01JRTRZABBJEK8HAWXWN7HVQBT
prod_01JRTRZAQ84A3ECWJ39XZ32F2V,history430,Talon - Bead Blasted Titanium,published,sc_01JRGC53MQWCH28VMCFXJ7KRHP,variant_01JRTRZAQX9637YXX9SEPXHY6Z
prod_01JRTRZBVHTMNNB6QZ4ZSAZ7KY,history432,Talon Mini - Stone Washed Titanium,published,sc_01JRGC53MQWCH28VMCFXJ7KRHP,variant_01JRTRZBW8GZ3ZV15CNH3KJDZD
prod_01JRTRZC8XDNRJ1ZTJ42GRWCKA,history436,Kraken - Titanium- Stone washed,published,sc_01JRGC53MQWCH28VMCFXJ7KRHP,variant_01JRTRZC9N914CT5MFAXKM396D
prod_01JRTRZCM8M7KPFMZ5K2ZQ4254,history438,Damned Patches - 3 Pack (1 of each),published,sc_01JRGC53MQWCH28VMCFXJ7KRHP,variant_01JRTRZCMW78C3Z4K9KQ1V2RQC
prod_01JRTRZD91W8QYMG8H2SQQV0GT,history439,"Brahma - Black G10, Stonewashed 14c28n",published,sc_01JRGC53MQWCH28VMCFXJ7KRHP,variant_01JRTRZD9MKN5DAPWVF33XP8B9
prod_01JRTRZDTR8WZQYA5WG3RRS5RR,history440,"Chimera - Black G10, Stonewashed 14c28n",published,sc_01JRGC53MQWCH28VMCFXJ7KRHP,variant_01JRTRZDVMMFHA62EB1JHF58ZQ
prod_01JRTRZEAVX53S2MY6X0E40WK2,history441,"Chimera - White G10, Stonewashed 14c28n",published,sc_01JRGC53MQWCH28VMCFXJ7KRHP,variant_01JRTRZEBGTC8ENP4M4Y2A9KA6
prod_01JRTRZF1YTE3CVF8X73EDNHFY,history443,"Wraith - Black G10, Stonewashed 14c28n",published,sc_01JRGC53MQWCH28VMCFXJ7KRHP,variant_01JRTRZF2H642MBTS664JBPTTY
prod_01JRTRZFN3W44YXCX7K8BG2RVF,history444,"Wraith - White G10, Stonewashed 14c28n",published,sc_01JRGC53MQWCH28VMCFXJ7KRHP,variant_01JRTRZFNQD5QKH2GP9CQBFEAP
prod_01JRTRZJDDTW5M001BJEZDAAWS,history445,"Brahma - Vader: Black G10, Black 14c28n",published,sc_01JRGC53MQWCH28VMCFXJ7KRHP,variant_01JRTRZJE6T9ZVM812CPEGYPHV
prod_01JRTRZK5DRVYAMCYZ3E278FCN,history449,Replacement plates - Stainless steel,published,sc_01JRGC53MQWCH28VMCFXJ7KRHP,variant_01JRTRZK63V6DFSNT0CZE9XVP9
prod_01JRTRZKMCG72V53XN7X22PHPY,history451,Basilisk - White G10,published,sc_01JRGC53MQWCH28VMCFXJ7KRHP,variant_01JRTRZKN24WR89043TV4YR2TH
prod_01JRTRZM0Q6EPN58XY0F8KH6QV,history452,Basilisk - Tan G10,published,sc_01JRGC53MQWCH28VMCFXJ7KRHP,variant_01JRTRZM1FBX7F1JHM385WNFMS
prod_01JRTRZMD5E1SDH30DZY6HVX2X,history453,Basilisk - Green G10,published,sc_01JRGC53MQWCH28VMCFXJ7KRHP,variant_01JRTRZMDVHNXJJKF26DXHAEE6
prod_01JRTRZN0QBJNHCZHE07AVFW5B,history454,Basilisk - Black G10,published,sc_01JRGC53MQWCH28VMCFXJ7KRHP,variant_01JRTRZN1DJAEYWXE4XRSHSMYZ
prod_01JRTRZNE4S1402TY47MQCJ89X,history455,Yokai - Black G10,published,sc_01JRGC53MQWCH28VMCFXJ7KRHP,variant_01JRTRZNF1N948DVTDXY6FN1KR
prod_01JRTRZNV1BPSBR0E9F9JHF7JB,history457,"Yokai - Red G10, Blackwash blade",published,sc_01JRGC53MQWCH28VMCFXJ7KRHP,variant_01JRTRZNVPB4D7RGZ0NDFWXP8R
prod_01JRTRZQ56HVMRZ7Q1ERAVEQPJ,history458,"Yokai - White G10, Blackwash blade",published,sc_01JRGC53MQWCH28VMCFXJ7KRHP,variant_01JRTRZQ606S46ESZJ5NTDW5Q0
prod_01JRTRZQT1DCYNPM79NXVJ1G94,history459,"Yokai - Tan G10, Blackwash blade",published,sc_01JRGC53MQWCH28VMCFXJ7KRHP,variant_01JRTRZQTSHT4B5YQNMRW0535J
prod_01JRTRZSCADACN0DCS6JB0M38V,history460,Hades - Red G10,published,sc_01JRGC53MQWCH28VMCFXJ7KRHP,variant_01JRTRZSD3HPFC5J4SD0M8QEP1
prod_01JRTRZSVN7J8KYN4DP82Y7BZV,history461,Hades - Tan G10,published,sc_01JRGC53MQWCH28VMCFXJ7KRHP,variant_01JRTRZSWE6Y3XPQ8VD7DGM1WA
prod_01JRTRZYJ352Q9KM3TD1XG1DSR,history462,Hades - Green G10,published,sc_01JRGC53MQWCH28VMCFXJ7KRHP,variant_01JRTRZYJV2MM1YB7FPF778T29
prod_01JRTRZZAAFM4BXX8A1PAVF38J,history463,Hades - Black G10,published,sc_01JRGC53MQWCH28VMCFXJ7KRHP,variant_01JRTRZZAY7NNXBMN6JNFD3T86
prod_01JRTRZZWSKEYFMJVTC4XWQ686,history464,Fenrir - Red G10,published,sc_01JRGC53MQWCH28VMCFXJ7KRHP,variant_01JRTRZZXDHSEKQ4HA8W2XG8DA
prod_01JRTS00DMWMAZ9JE7N0WWGNAJ,history465,Fenrir - Tan G10,published,sc_01JRGC53MQWCH28VMCFXJ7KRHP,variant_01JRTS00ECFEN9WQ9FDZ1X83T4
prod_01JRTS0161P9XF571VPYHF4E2P,history466,Fenrir - Green G10,published,sc_01JRGC53MQWCH28VMCFXJ7KRHP,variant_01JRTS016M85GF6SAAMDV6RMKP
prod_01JRTS01HWDZ9T7YCY2XEE7765,history467,Fenrir - Black G10,published,sc_01JRGC53MQWCH28VMCFXJ7KRHP,variant_01JRTS01JJ0ZWX4NC1ZXNPZARX
prod_01JRTS023KSPW0K7R9G65ES3E1,cerberus,Cerberus,published,sc_01JRGC53MQWCH28VMCFXJ7KRHP,variant_01JRTS024AWR4HTQHAPC1M7M22